tag,cell_type,stage,nes,nom_p,fdr,lead
pd_bswap0,fev_high_isl_low,3,-0.9560524015421369,0.5977272727272728,0.5977272727272728,ONECUT3
pd_bswap0,fev_high_isl_low,6,-0.764699928059993,0.7920604914933838,0.7920604914933838,ONECUT3;PAX4
pd_bswap0,neurog3_early,3,-0.9139314178809458,0.5915492957746479,0.5915492957746479,GADD45A;BTG2
pd_bswap0,neurog3_late,3,1.3386065262131925,0.036053130929791274,0.036053130929791274,FEV;NEUROG3;NEUROD1
pd_bswap0,neurog3_late,6,1.3888159534412299,0.0455531453362256,0.0455531453362256,NEUROD1;FEV;NEUROG3
pd_bswap0,neurog3_mid,3,1.2591449638587988,0.14972273567467653,0.14972273567467653,NEUROG3;HES6
pd_bswap0,neurog3_mid,6,1.014951309891543,0.505859375,0.505859375,NEUROG3
pd_bswap0,phox2a,3,1.0509858156575138,0.4782608695652174,0.4782608695652174,FEV;TPH1
pd_bswap0,phox2a,6,0.9105022750719759,0.6602112676056338,0.6602112676056338,TPH1;FEV
pd_bswap0,prog_nkx61,3,-1.5373820218157737,0.005,0.005,NKX6-1;PTF1A;SOX9
pd_bswap0,prog_nkx61,6,-1.5164788203147213,0.005037783375314861,0.005037783375314861,NKX6-1;SOX9;PTF1A
pd_bswap0,sc_alpha,3,1.4377353674858093,0.016666666666666666,0.016666666666666666,GCG;IRX2;ISL1
pd_bswap0,sc_alpha,6,1.3011810961002883,0.19777777777777777,0.19777777777777777,GCG
pd_bswap0,sc_beta,3,1.3560827461531328,0.0379746835443038,0.0379746835443038,INS;ISL1;NPTX2;NKX6-1
pd_bswap0,sc_beta,6,1.323252284478987,0.14049586776859505,0.14049586776859505,INS;NKX6-1;NPTX2;G6PC2
pd_bswap0,sc_ec,3,1.4094298004023402,0.011382113821138212,0.011382113821138212,TPH1;ADRA2A;SLC18A1;DDC
pd_bswap0,sc_ec,6,1.370717071190983,0.055077452667814115,0.055077452667814115,TPH1;ADRA2A;DDC;FEV;SLC18A1
pd_bswap0,sst_hhex,3,-0.8180051341841555,0.6751918158567775,0.6751918158567775,SST
pd_bswap0,sst_hhex,6,-0.8752915092277037,0.6810344827586207,0.6810344827586207,SST
pd_bswap1,fev_high_isl_low,3,-1.1736588183603902,0.32574031890660593,0.32574031890660593,ONECUT3
pd_bswap1,fev_high_isl_low,6,-0.8446002402635665,0.7063829787234043,0.7063829787234043,ONECUT3
pd_bswap1,neurog3_early,3,-1.1328321312524454,0.3946731234866828,0.3946731234866828,GADD45A;BTG2
pd_bswap1,neurog3_late,3,1.3880791579956762,0.012259194395796848,0.012259194395796848,FEV;NEUROD1;NEUROG3
pd_bswap1,neurog3_late,6,1.3987240425376097,0.023121387283236993,0.023121387283236993,NEUROD1;FEV;NEUROG3
pd_bswap1,neurog3_mid,3,1.2037787314186066,0.22521008403361345,0.22521008403361345,NEUROG3
pd_bswap1,neurog3_mid,6,0.8916393612144395,0.6793893129770993,0.6793893129770993,NEUROG3
pd_bswap1,phox2a,3,0.8751886684579709,0.6990131578947368,0.6990131578947368,FEV;TPH1
pd_bswap1,phox2a,6,0.7943508715048908,0.7351851851851852,0.7351851851851852,TPH1;FEV
pd_bswap1,prog_nkx61,3,-1.3858829702720876,0.11014492753623188,0.11014492753623188,NKX6-1;PTF1A;SOX9
pd_bswap1,prog_nkx61,6,-1.514698909186846,0.0024509803921568627,0.0024509803921568627,SOX9;NKX6-1;PTF1A
pd_bswap1,sc_alpha,3,1.4129718452447475,0.029462738301559793,0.029462738301559793,GCG;ISL1;IRX2;ARX
pd_bswap1,sc_alpha,6,1.2970931723679215,0.19591836734693877,0.19591836734693877,GCG
pd_bswap1,sc_beta,3,1.3562954250851078,0.03414634146341464,0.03414634146341464,INS;NKX6-1;NPTX2;ISL1
pd_bswap1,sc_beta,6,1.3930490033352778,0.0686456400742115,0.0686456400742115,INS;NKX6-1;NPTX2;G6PC2
pd_bswap1,sc_ec,3,1.3662896100293158,0.05228758169934641,0.05228758169934641,TPH1;ADRA2A;SLC18A1;DDC
pd_bswap1,sc_ec,6,1.3405957101835444,0.061806656101426306,0.061806656101426306,TPH1;ADRA2A;DDC;FEV;SLC18A1
pd_bswap1,sst_hhex,3,1.0072018558037985,0.5040650406504065,0.5040650406504065,ISL1
pd_bswap1,sst_hhex,6,-1.0911838478776856,0.4437627811860941,0.4437627811860941,SST
pd_bswap2,fev_high_isl_low,3,-0.7620206764689399,0.7708333333333334,0.7708333333333334,ONECUT3
pd_bswap2,fev_high_isl_low,6,0.8446514407144441,0.7191650853889943,0.7191650853889943,FEV
pd_bswap2,neurog3_early,3,-1.52037884831418,0.015789473684210527,0.015789473684210527,GADD45A;BTG2;NEUROG3
pd_bswap2,neurog3_late,3,1.3422934963709265,0.039723661485319514,0.039723661485319514,FEV;NEUROD1;NEUROG3
pd_bswap2,neurog3_late,6,1.3706091298720802,0.0531496062992126,0.0531496062992126,NEUROD1;FEV;NEUROG3
pd_bswap2,neurog3_mid,3,1.0070869837473868,0.531951640759931,0.531951640759931,NEUROG3;HES6
pd_bswap2,neurog3_mid,6,0.9966406620513838,0.5623762376237624,0.5623762376237624,NEUROG3
pd_bswap2,phox2a,3,1.064156863771245,0.4535073409461664,0.4535073409461664,FEV;TPH1
pd_bswap2,phox2a,6,0.881758137685389,0.6768707482993197,0.6768707482993197,TPH1;FEV
pd_bswap2,prog_nkx61,3,-1.4977663599054982,0.016042780748663103,0.016042780748663103,NKX6-1;SOX9
pd_bswap2,prog_nkx61,6,-1.496317610317123,0.002207505518763797,0.002207505518763797,NKX6-1;SOX9;PTF1A
pd_bswap2,sc_alpha,3,1.3564330163356386,0.06412478336221837,0.06412478336221837,GCG;ISL1;IRX2
pd_bswap2,sc_alpha,6,0.7634128369571415,0.7490118577075099,0.7490118577075099,GCG
pd_bswap2,sc_beta,3,1.3835918345664286,0.016793893129770993,0.016793893129770993,INS;NKX6-1;ISL1;NPTX2
pd_bswap2,sc_beta,6,1.2101147212919314,0.2894736842105263,0.2894736842105263,INS;NKX6-1;NPTX2;G6PC2
pd_bswap2,sc_ec,3,1.3567690465902973,0.033277870216306155,0.033277870216306155,TPH1;ADRA2A;DDC;SLC18A1;FEV
pd_bswap2,sc_ec,6,1.3841195087439455,0.03167420814479638,0.03167420814479638,TPH1;ADRA2A;DDC;FEV;SLC18A1
pd_bswap2,sst_hhex,3,-1.0124737490919868,0.5070422535211268,0.5070422535211268,SST
pd_bswap2,sst_hhex,6,-1.2262651546314913,0.2601626016260163,0.2601626016260163,SST
