lineage,segment,gene,panel_role,evidence_tier,independence,source_id,source_location,direction,stage_scope,status,notes
notochord,32,NOTO,classical_markers,primary,mixed,FARRELL2018,"Fig. 6B",positive,"gastrulation to 6-somite",frozen,"Early notochord marker explicitly shown by Farrell et al."
notochord,32,NTD5,classical_markers,primary,mixed,FARRELL2018,"Fig. 6B and Fig. 6F",positive,"late gastrulation to 6-somite",frozen,"Late notochord marker with in situ validation."
notochord,32,SHHA,classical_markers,primary,mixed,FARRELL2018,"Fig. 6B",positive,"late gastrulation to 6-somite",frozen,"Late notochord marker explicitly shown."
notochord,32,COL2A1A,classical_markers,supporting,external,ZFIN,"gene-expression record; verify exact figure before final freeze",positive,"notochord development",proposed,"In HVG; requires a pinned ZFIN expression-record URL."
prechordal_plate,29,GSC,classical_markers,primary,mixed,FARRELL2018,"Fig. 6B and Fig. 6E-F",positive,"gastrulation",frozen,"Early prechordal plate marker with in situ validation."
prechordal_plate,29,FRZB,classical_markers,primary,mixed,FARRELL2018,"Fig. 6B",positive,"gastrulation",frozen,"Early prechordal plate marker explicitly shown."
prechordal_plate,29,DKK1B,classical_markers,candidate,mixed,FARRELL2018,"URD object/trajectory candidate; publication location pending",positive,"gastrulation",proposed,"In HVG; do not score until publication location is pinned."
adaxial_cells,34,MYF5,classical_markers,primary,external,COUTELLE2001,"ZFIN publication and expression figures",positive,"75%-epiboly to somite stages",frozen,"Experimental adaxial expression evidence."
adaxial_cells,34,MYOD1,classical_markers,primary,external,COUTELLE2001,"ZFIN publication and expression figures",positive,"75%-epiboly to somite stages",frozen,"Experimental adaxial expression evidence."
adaxial_cells,34,SMYHC1,classical_markers,candidate,external,ZFIN,"gene-expression record pending",positive,"somite stages",proposed,"In HVG; exact record must be pinned."
somites,12,TBX6,classical_markers,candidate,mixed,FARRELL2018,"connected-module/trajectory candidate; exact table row pending",positive,"gastrulation to somite stages",proposed,"Do not score until supplementary provenance is exported."
somites,12,MESPAA,classical_markers,candidate,mixed,FARRELL2018,"connected-module/trajectory candidate; exact table row pending",positive,"presomitic mesoderm/somitogenesis",proposed,"In HVG."
somites,12,MESPAB,classical_markers,candidate,mixed,FARRELL2018,"connected-module/trajectory candidate; exact table row pending",positive,"presomitic mesoderm/somitogenesis",proposed,"In HVG."
somites,12,HER1,classical_markers,candidate,mixed,FARRELL2018,"connected-module/trajectory candidate; exact table row pending",positive,"somitogenesis",proposed,"Oscillatory marker; stage-aware interpretation required."
somites,12,HER7,classical_markers,candidate,mixed,FARRELL2018,"connected-module/trajectory candidate; exact table row pending",positive,"somitogenesis",proposed,"Oscillatory marker; stage-aware interpretation required."
pharyngeal_endoderm,17,SOX17,classical_markers,candidate,mixed,FARRELL2018,"endoderm trajectory/module location pending",positive,"gastrulation to early segmentation",proposed,"In HVG; provenance must be pinned."
pharyngeal_endoderm,17,FOXA2,classical_markers,supporting,external_late,WALLACE2003,"Fig. 3",positive,"14-19 somites onward",supporting_only,"Outside most of the experimental window; cannot establish early specificity alone."
pharyngeal_endoderm,17,GATA6,classical_markers,supporting,external_late,WALLACE2003,"Fig. 3",positive,"14-19 somites onward",supporting_only,"Outside most of the experimental window."
pancreatic_intestinal_endoderm,26,SOX17,classical_markers,candidate,mixed,FARRELL2018,"endoderm trajectory/module location pending",positive,"gastrulation to early segmentation",proposed,"Broad endoderm marker, not lineage-specific by itself."
pancreatic_intestinal_endoderm,26,FOXA2,classical_markers,supporting,external_late,WALLACE2003,"Fig. 3",positive,"14-19 somites onward",supporting_only,"Broad/anterior endoderm; outside most of the window."
pancreatic_intestinal_endoderm,26,GATA6,classical_markers,supporting,external_late,WALLACE2003,"Fig. 3",positive,"14-19 somites onward",supporting_only,"Later digestive endoderm evidence."
