lineage,segment,gene,panel_role,source_id,source_file,source_sheet,module_id,module_rank,module_weight,mapping_confidence,independence,in_hvg,generic_excluded,score_eligible
adaxial_cells,34,MSGN1,published_modules,FARRELL2018_TABLE_S5,NIHMS993376-supplement-Table_S5.xlsx,6 Somites,2,1,5.52098834750925,high,dataset_derived,True,False,True
adaxial_cells,34,TOB1A,published_modules,FARRELL2018_TABLE_S5,NIHMS993376-supplement-Table_S5.xlsx,6 Somites,2,2,4.59955147869788,high,dataset_derived,True,False,True
adaxial_cells,34,HES6,published_modules,FARRELL2018_TABLE_S5,NIHMS993376-supplement-Table_S5.xlsx,6 Somites,2,3,4.23279348153747,high,dataset_derived,True,False,True
adaxial_cells,34,TBX16,published_modules,FARRELL2018_TABLE_S5,NIHMS993376-supplement-Table_S5.xlsx,6 Somites,2,4,4.14060617008278,high,dataset_derived,True,False,True
adaxial_cells,34,CX43.4,published_modules,FARRELL2018_TABLE_S5,NIHMS993376-supplement-Table_S5.xlsx,6 Somites,2,5,3.26268812079047,high,dataset_derived,True,False,True
adaxial_cells,34,HOXB7A,published_modules,FARRELL2018_TABLE_S5,NIHMS993376-supplement-Table_S5.xlsx,6 Somites,2,6,2.94479775333869,high,dataset_derived,True,False,True
adaxial_cells,34,CDX4,published_modules,FARRELL2018_TABLE_S5,NIHMS993376-supplement-Table_S5.xlsx,6 Somites,2,7,2.92109465308046,high,dataset_derived,True,False,True
adaxial_cells,34,ITM2CB,published_modules,FARRELL2018_TABLE_S5,NIHMS993376-supplement-Table_S5.xlsx,6 Somites,2,8,2.70542444094335,high,dataset_derived,True,False,True
adaxial_cells,34,MYF5,published_modules,FARRELL2018_TABLE_S5,NIHMS993376-supplement-Table_S5.xlsx,6 Somites,2,9,2.70051540749887,high,dataset_derived,True,False,True
adaxial_cells,34,CABZ01070258.1,published_modules,FARRELL2018_TABLE_S5,NIHMS993376-supplement-Table_S5.xlsx,6 Somites,2,10,2.61373578484138,high,dataset_derived,False,False,False
adaxial_cells,34,ANP32E,published_modules,FARRELL2018_TABLE_S5,NIHMS993376-supplement-Table_S5.xlsx,6 Somites,2,11,2.57704357634518,high,dataset_derived,True,False,True
adaxial_cells,34,SI:DKEY-11C5.14,published_modules,FARRELL2018_TABLE_S5,NIHMS993376-supplement-Table_S5.xlsx,6 Somites,2,12,2.38565889693409,high,dataset_derived,True,False,True
adaxial_cells,34,RBM38,published_modules,FARRELL2018_TABLE_S5,NIHMS993376-supplement-Table_S5.xlsx,6 Somites,2,13,2.32987894682666,high,dataset_derived,True,False,True
adaxial_cells,34,LRATB,published_modules,FARRELL2018_TABLE_S5,NIHMS993376-supplement-Table_S5.xlsx,6 Somites,2,14,2.26941286316969,high,dataset_derived,True,False,True
adaxial_cells,34,SNAI1A,published_modules,FARRELL2018_TABLE_S5,NIHMS993376-supplement-Table_S5.xlsx,6 Somites,2,15,2.21635419534689,high,dataset_derived,True,False,True
adaxial_cells,34,DDIT4,published_modules,FARRELL2018_TABLE_S5,NIHMS993376-supplement-Table_S5.xlsx,6 Somites,2,16,2.19120308608012,high,dataset_derived,True,False,True
adaxial_cells,34,HSPB1,published_modules,FARRELL2018_TABLE_S5,NIHMS993376-supplement-Table_S5.xlsx,6 Somites,2,17,2.18732751613174,high,dataset_derived,True,True,False
adaxial_cells,34,ASPH,published_modules,FARRELL2018_TABLE_S5,NIHMS993376-supplement-Table_S5.xlsx,6 Somites,2,18,2.15994492776607,high,dataset_derived,True,False,True
adaxial_cells,34,VOX,published_modules,FARRELL2018_TABLE_S5,NIHMS993376-supplement-Table_S5.xlsx,6 Somites,2,19,1.94186988277555,high,dataset_derived,True,False,True
adaxial_cells,34,HOXC3A,published_modules,FARRELL2018_TABLE_S5,NIHMS993376-supplement-Table_S5.xlsx,6 Somites,2,20,1.88297434250881,high,dataset_derived,True,False,True
adaxial_cells,34,TBX6L,published_modules,FARRELL2018_TABLE_S5,NIHMS993376-supplement-Table_S5.xlsx,6 Somites,2,21,1.86731795303528,high,dataset_derived,True,False,True
adaxial_cells,34,HOXB10A,published_modules,FARRELL2018_TABLE_S5,NIHMS993376-supplement-Table_S5.xlsx,6 Somites,2,22,1.81619325993032,high,dataset_derived,True,False,True
adaxial_cells,34,SI:CH211-101L18.8,published_modules,FARRELL2018_TABLE_S5,NIHMS993376-supplement-Table_S5.xlsx,6 Somites,2,23,1.71146195414811,high,dataset_derived,True,False,True
adaxial_cells,34,APOC1,published_modules,FARRELL2018_TABLE_S5,NIHMS993376-supplement-Table_S5.xlsx,6 Somites,2,24,1.6299853830954,high,dataset_derived,True,False,True
adaxial_cells,34,HOXA9B,published_modules,FARRELL2018_TABLE_S5,NIHMS993376-supplement-Table_S5.xlsx,6 Somites,2,25,1.62138757787842,high,dataset_derived,True,False,True
adaxial_cells,34,SI:CH73-281N10.2,published_modules,FARRELL2018_TABLE_S5,NIHMS993376-supplement-Table_S5.xlsx,6 Somites,2,26,1.54019491416727,high,dataset_derived,False,False,False
adaxial_cells,34,HOXC8A,published_modules,FARRELL2018_TABLE_S5,NIHMS993376-supplement-Table_S5.xlsx,6 Somites,2,27,1.50967516223662,high,dataset_derived,True,False,True
adaxial_cells,34,PNRC2,published_modules,FARRELL2018_TABLE_S5,NIHMS993376-supplement-Table_S5.xlsx,6 Somites,2,28,1.50568846801957,high,dataset_derived,False,False,False
adaxial_cells,34,RARGA,published_modules,FARRELL2018_TABLE_S5,NIHMS993376-supplement-Table_S5.xlsx,6 Somites,2,29,1.38235511118991,high,dataset_derived,False,False,False
adaxial_cells,34,MALAT1,published_modules,FARRELL2018_TABLE_S5,NIHMS993376-supplement-Table_S5.xlsx,6 Somites,2,30,1.36172102899195,high,dataset_derived,False,True,False
adaxial_cells,34,MYL10,published_modules,FARRELL2018_TABLE_S5,NIHMS993376-supplement-Table_S5.xlsx,6 Somites,17,1,4.10235797879964,high,dataset_derived,True,False,True
adaxial_cells,34,ACTA1A,published_modules,FARRELL2018_TABLE_S5,NIHMS993376-supplement-Table_S5.xlsx,6 Somites,17,2,3.12766435458417,high,dataset_derived,True,False,True
adaxial_cells,34,MEF2D,published_modules,FARRELL2018_TABLE_S5,NIHMS993376-supplement-Table_S5.xlsx,6 Somites,17,3,2.2410999834216,high,dataset_derived,True,False,True
adaxial_cells,34,CDKN1CA,published_modules,FARRELL2018_TABLE_S5,NIHMS993376-supplement-Table_S5.xlsx,6 Somites,17,4,2.1762833041217,high,dataset_derived,True,False,True
adaxial_cells,34,MYOD1,published_modules,FARRELL2018_TABLE_S5,NIHMS993376-supplement-Table_S5.xlsx,6 Somites,17,5,2.06013727205295,high,dataset_derived,True,False,True
adaxial_cells,34,RBM24A,published_modules,FARRELL2018_TABLE_S5,NIHMS993376-supplement-Table_S5.xlsx,6 Somites,17,6,2.02954207072375,high,dataset_derived,True,False,True
adaxial_cells,34,TNNI2B.1,published_modules,FARRELL2018_TABLE_S5,NIHMS993376-supplement-Table_S5.xlsx,6 Somites,17,7,2.02831454481131,high,dataset_derived,True,False,True
adaxial_cells,34,ACTC1A,published_modules,FARRELL2018_TABLE_S5,NIHMS993376-supplement-Table_S5.xlsx,6 Somites,17,8,1.99620385056734,high,dataset_derived,True,False,True
adaxial_cells,34,ACTC1B,published_modules,FARRELL2018_TABLE_S5,NIHMS993376-supplement-Table_S5.xlsx,6 Somites,17,9,1.99549527914987,high,dataset_derived,True,False,True
adaxial_cells,34,EFEMP2A,published_modules,FARRELL2018_TABLE_S5,NIHMS993376-supplement-Table_S5.xlsx,6 Somites,17,10,1.97686691411619,high,dataset_derived,True,False,True
adaxial_cells,34,QKIA,published_modules,FARRELL2018_TABLE_S5,NIHMS993376-supplement-Table_S5.xlsx,6 Somites,17,11,1.94036865189792,high,dataset_derived,False,False,False
adaxial_cells,34,TTNB,published_modules,FARRELL2018_TABLE_S5,NIHMS993376-supplement-Table_S5.xlsx,6 Somites,17,12,1.78579792353495,high,dataset_derived,True,False,True
adaxial_cells,34,HSP90AA1.1,published_modules,FARRELL2018_TABLE_S5,NIHMS993376-supplement-Table_S5.xlsx,6 Somites,17,13,1.78142795251462,high,dataset_derived,True,True,False
adaxial_cells,34,UNC45B,published_modules,FARRELL2018_TABLE_S5,NIHMS993376-supplement-Table_S5.xlsx,6 Somites,17,14,1.76863956282589,high,dataset_derived,True,False,True
adaxial_cells,34,NEXN,published_modules,FARRELL2018_TABLE_S5,NIHMS993376-supplement-Table_S5.xlsx,6 Somites,17,15,1.69328924855055,high,dataset_derived,True,False,True
adaxial_cells,34,FSTL1A,published_modules,FARRELL2018_TABLE_S5,NIHMS993376-supplement-Table_S5.xlsx,6 Somites,17,16,1.5551570260674,high,dataset_derived,True,False,True
adaxial_cells,34,ZFAND5A,published_modules,FARRELL2018_TABLE_S5,NIHMS993376-supplement-Table_S5.xlsx,6 Somites,17,17,1.5519291895422,high,dataset_derived,True,False,True
adaxial_cells,34,TPMA,published_modules,FARRELL2018_TABLE_S5,NIHMS993376-supplement-Table_S5.xlsx,6 Somites,17,18,1.53196092449746,high,dataset_derived,True,False,True
adaxial_cells,34,TRIM109,published_modules,FARRELL2018_TABLE_S5,NIHMS993376-supplement-Table_S5.xlsx,6 Somites,17,19,1.43203894691248,high,dataset_derived,True,False,True
adaxial_cells,34,TTNA,published_modules,FARRELL2018_TABLE_S5,NIHMS993376-supplement-Table_S5.xlsx,6 Somites,17,20,1.38166316019102,high,dataset_derived,True,False,True
adaxial_cells,34,PBXIP1B,published_modules,FARRELL2018_TABLE_S5,NIHMS993376-supplement-Table_S5.xlsx,6 Somites,17,21,1.35828565908959,high,dataset_derived,True,False,True
adaxial_cells,34,ITGB1BP2,published_modules,FARRELL2018_TABLE_S5,NIHMS993376-supplement-Table_S5.xlsx,6 Somites,17,22,1.3137609037643,high,dataset_derived,True,False,True
adaxial_cells,34,SERPINH1B,published_modules,FARRELL2018_TABLE_S5,NIHMS993376-supplement-Table_S5.xlsx,6 Somites,17,23,1.2566933849184,high,dataset_derived,True,False,True
adaxial_cells,34,NTD5,published_modules,FARRELL2018_TABLE_S5,NIHMS993376-supplement-Table_S5.xlsx,6 Somites,17,24,1.24386034135322,high,dataset_derived,True,False,True
adaxial_cells,34,ALPI.1,published_modules,FARRELL2018_TABLE_S5,NIHMS993376-supplement-Table_S5.xlsx,6 Somites,17,25,1.22398573586374,high,dataset_derived,True,False,True
adaxial_cells,34,TXLNBA,published_modules,FARRELL2018_TABLE_S5,NIHMS993376-supplement-Table_S5.xlsx,6 Somites,17,26,1.14783747415968,high,dataset_derived,True,False,True
adaxial_cells,34,APLNRA,published_modules,FARRELL2018_TABLE_S5,NIHMS993376-supplement-Table_S5.xlsx,6 Somites,17,27,1.14021292051184,high,dataset_derived,True,False,True
adaxial_cells,34,MYL12.1,published_modules,FARRELL2018_TABLE_S5,NIHMS993376-supplement-Table_S5.xlsx,6 Somites,17,28,1.10718567031702,high,dataset_derived,False,False,False
adaxial_cells,34,PRDM1A,published_modules,FARRELL2018_TABLE_S5,NIHMS993376-supplement-Table_S5.xlsx,6 Somites,17,29,1.10437315832095,high,dataset_derived,True,False,True
adaxial_cells,34,PTGES3L,published_modules,FARRELL2018_TABLE_S5,NIHMS993376-supplement-Table_S5.xlsx,6 Somites,17,30,1.09328616600241,high,dataset_derived,True,False,True
notochord,32,SERPINH1B,published_modules,FARRELL2018_TABLE_S5,NIHMS993376-supplement-Table_S5.xlsx,6 Somites,10,1,2.59885877277408,high,dataset_derived,True,False,True
notochord,32,NTD5,published_modules,FARRELL2018_TABLE_S5,NIHMS993376-supplement-Table_S5.xlsx,6 Somites,10,2,2.57711832020471,high,dataset_derived,True,False,True
notochord,32,P4HA1B,published_modules,FARRELL2018_TABLE_S5,NIHMS993376-supplement-Table_S5.xlsx,6 Somites,10,3,2.48298714729497,high,dataset_derived,True,False,True
notochord,32,ASPH,published_modules,FARRELL2018_TABLE_S5,NIHMS993376-supplement-Table_S5.xlsx,6 Somites,10,4,2.46019765446917,high,dataset_derived,True,False,True
notochord,32,SI:DKEY-261H17.1,published_modules,FARRELL2018_TABLE_S5,NIHMS993376-supplement-Table_S5.xlsx,6 Somites,10,5,2.32520154081625,high,dataset_derived,True,False,True
notochord,32,PMP22B,published_modules,FARRELL2018_TABLE_S5,NIHMS993376-supplement-Table_S5.xlsx,6 Somites,10,6,2.31984393602626,high,dataset_derived,True,False,True
notochord,32,SSR2,published_modules,FARRELL2018_TABLE_S5,NIHMS993376-supplement-Table_S5.xlsx,6 Somites,10,7,2.27406079245152,high,dataset_derived,True,True,False
notochord,32,SEC61G,published_modules,FARRELL2018_TABLE_S5,NIHMS993376-supplement-Table_S5.xlsx,6 Somites,10,8,2.13047147636136,high,dataset_derived,True,True,False
notochord,32,RCN3,published_modules,FARRELL2018_TABLE_S5,NIHMS993376-supplement-Table_S5.xlsx,6 Somites,10,9,2.13023755640988,high,dataset_derived,True,False,True
notochord,32,SSR4,published_modules,FARRELL2018_TABLE_S5,NIHMS993376-supplement-Table_S5.xlsx,6 Somites,10,10,2.12459631558682,high,dataset_derived,True,True,False
notochord,32,SEC61B,published_modules,FARRELL2018_TABLE_S5,NIHMS993376-supplement-Table_S5.xlsx,6 Somites,10,11,2.10718023841014,high,dataset_derived,True,True,False
notochord,32,SSR3,published_modules,FARRELL2018_TABLE_S5,NIHMS993376-supplement-Table_S5.xlsx,6 Somites,10,12,2.03499360398061,high,dataset_derived,False,True,False
notochord,32,TA,published_modules,FARRELL2018_TABLE_S5,NIHMS993376-supplement-Table_S5.xlsx,6 Somites,10,13,2.0167706504104,high,dataset_derived,True,False,True
notochord,32,PAK1,published_modules,FARRELL2018_TABLE_S5,NIHMS993376-supplement-Table_S5.xlsx,6 Somites,10,14,2.00995998285377,high,dataset_derived,True,False,True
notochord,32,PLOD1A,published_modules,FARRELL2018_TABLE_S5,NIHMS993376-supplement-Table_S5.xlsx,6 Somites,10,15,1.90960422316018,high,dataset_derived,True,False,True
notochord,32,KDELR2B,published_modules,FARRELL2018_TABLE_S5,NIHMS993376-supplement-Table_S5.xlsx,6 Somites,10,16,1.84597092007049,high,dataset_derived,False,False,False
notochord,32,HSPA5,published_modules,FARRELL2018_TABLE_S5,NIHMS993376-supplement-Table_S5.xlsx,6 Somites,10,17,1.812869306384,high,dataset_derived,True,True,False
notochord,32,LRRC59,published_modules,FARRELL2018_TABLE_S5,NIHMS993376-supplement-Table_S5.xlsx,6 Somites,10,18,1.77375459102043,high,dataset_derived,True,False,True
notochord,32,EMILIN3A,published_modules,FARRELL2018_TABLE_S5,NIHMS993376-supplement-Table_S5.xlsx,6 Somites,10,19,1.76562256184644,high,dataset_derived,True,False,True
notochord,32,FKBP11,published_modules,FARRELL2018_TABLE_S5,NIHMS993376-supplement-Table_S5.xlsx,6 Somites,10,20,1.72980289079085,high,dataset_derived,True,False,True
notochord,32,PPP1R14C,published_modules,FARRELL2018_TABLE_S5,NIHMS993376-supplement-Table_S5.xlsx,6 Somites,10,21,1.7281187926462,high,dataset_derived,True,False,True
notochord,32,TMEM263,published_modules,FARRELL2018_TABLE_S5,NIHMS993376-supplement-Table_S5.xlsx,6 Somites,10,22,1.70353387330557,high,dataset_derived,False,False,False
notochord,32,ZGC:153675,published_modules,FARRELL2018_TABLE_S5,NIHMS993376-supplement-Table_S5.xlsx,6 Somites,10,23,1.68337568015884,high,dataset_derived,True,False,True
notochord,32,CALR3B,published_modules,FARRELL2018_TABLE_S5,NIHMS993376-supplement-Table_S5.xlsx,6 Somites,10,24,1.64604965007062,high,dataset_derived,True,False,True
notochord,32,XBP1,published_modules,FARRELL2018_TABLE_S5,NIHMS993376-supplement-Table_S5.xlsx,6 Somites,10,25,1.62045434437189,high,dataset_derived,True,False,True
notochord,32,FKBP7,published_modules,FARRELL2018_TABLE_S5,NIHMS993376-supplement-Table_S5.xlsx,6 Somites,10,26,1.51281814850309,high,dataset_derived,False,False,False
notochord,32,PLP2,published_modules,FARRELL2018_TABLE_S5,NIHMS993376-supplement-Table_S5.xlsx,6 Somites,10,27,1.51266470269869,high,dataset_derived,True,False,True
notochord,32,TWIST2,published_modules,FARRELL2018_TABLE_S5,NIHMS993376-supplement-Table_S5.xlsx,6 Somites,10,28,1.44232207106898,high,dataset_derived,True,False,True
notochord,32,FOXA,published_modules,FARRELL2018_TABLE_S5,NIHMS993376-supplement-Table_S5.xlsx,6 Somites,10,29,1.41859342064329,high,dataset_derived,True,False,True
notochord,32,RRBP1B,published_modules,FARRELL2018_TABLE_S5,NIHMS993376-supplement-Table_S5.xlsx,6 Somites,10,30,1.38135016247572,high,dataset_derived,True,False,True
pancreatic_intestinal_endoderm,26,APOC1,published_modules,FARRELL2018_TABLE_S5,NIHMS993376-supplement-Table_S5.xlsx,6 Somites,16,1,12.4601958532384,moderate,dataset_derived,True,False,True
pancreatic_intestinal_endoderm,26,APOEB,published_modules,FARRELL2018_TABLE_S5,NIHMS993376-supplement-Table_S5.xlsx,6 Somites,16,2,9.6577681235782,moderate,dataset_derived,True,False,True
pancreatic_intestinal_endoderm,26,CDX4,published_modules,FARRELL2018_TABLE_S5,NIHMS993376-supplement-Table_S5.xlsx,6 Somites,16,3,2.41536480252539,moderate,dataset_derived,True,False,True
pancreatic_intestinal_endoderm,26,ZGC:92242,published_modules,FARRELL2018_TABLE_S5,NIHMS993376-supplement-Table_S5.xlsx,6 Somites,16,4,2.28390326225238,moderate,dataset_derived,True,False,True
pancreatic_intestinal_endoderm,26,ZNFL2A,published_modules,FARRELL2018_TABLE_S5,NIHMS993376-supplement-Table_S5.xlsx,6 Somites,16,5,2.26410778017276,moderate,dataset_derived,True,False,True
pancreatic_intestinal_endoderm,26,MYL12.1,published_modules,FARRELL2018_TABLE_S5,NIHMS993376-supplement-Table_S5.xlsx,6 Somites,16,6,1.913156147236,moderate,dataset_derived,False,False,False
pancreatic_intestinal_endoderm,26,RPL29,published_modules,FARRELL2018_TABLE_S5,NIHMS993376-supplement-Table_S5.xlsx,6 Somites,16,7,1.65243704280628,moderate,dataset_derived,False,True,False
pancreatic_intestinal_endoderm,26,SI:CH73-281N10.2,published_modules,FARRELL2018_TABLE_S5,NIHMS993376-supplement-Table_S5.xlsx,6 Somites,16,8,1.64104204483794,moderate,dataset_derived,False,False,False
pancreatic_intestinal_endoderm,26,HOXD9A,published_modules,FARRELL2018_TABLE_S5,NIHMS993376-supplement-Table_S5.xlsx,6 Somites,16,9,1.62405154896093,moderate,dataset_derived,True,False,True
pancreatic_intestinal_endoderm,26,HISTH1L,published_modules,FARRELL2018_TABLE_S5,NIHMS993376-supplement-Table_S5.xlsx,6 Somites,16,10,1.57450444436336,moderate,dataset_derived,True,True,False
pancreatic_intestinal_endoderm,26,SEC61G,published_modules,FARRELL2018_TABLE_S5,NIHMS993376-supplement-Table_S5.xlsx,6 Somites,16,11,1.50408152162318,moderate,dataset_derived,True,True,False
pancreatic_intestinal_endoderm,26,RPL38,published_modules,FARRELL2018_TABLE_S5,NIHMS993376-supplement-Table_S5.xlsx,6 Somites,16,12,1.49462350821777,moderate,dataset_derived,False,True,False
pancreatic_intestinal_endoderm,26,SI:DKEY-12J5.1,published_modules,FARRELL2018_TABLE_S5,NIHMS993376-supplement-Table_S5.xlsx,6 Somites,16,13,1.47677720435543,moderate,dataset_derived,False,False,False
pancreatic_intestinal_endoderm,26,CALM3A,published_modules,FARRELL2018_TABLE_S5,NIHMS993376-supplement-Table_S5.xlsx,6 Somites,16,14,1.44629381108128,moderate,dataset_derived,False,False,False
pancreatic_intestinal_endoderm,26,ACTB2,published_modules,FARRELL2018_TABLE_S5,NIHMS993376-supplement-Table_S5.xlsx,6 Somites,16,15,1.42090906895337,moderate,dataset_derived,False,True,False
pancreatic_intestinal_endoderm,26,H1F0,published_modules,FARRELL2018_TABLE_S5,NIHMS993376-supplement-Table_S5.xlsx,6 Somites,16,16,1.40496744574807,moderate,dataset_derived,True,False,True
pancreatic_intestinal_endoderm,26,VED,published_modules,FARRELL2018_TABLE_S5,NIHMS993376-supplement-Table_S5.xlsx,6 Somites,16,17,1.39688695694129,moderate,dataset_derived,True,False,True
pancreatic_intestinal_endoderm,26,AKAP12B,published_modules,FARRELL2018_TABLE_S5,NIHMS993376-supplement-Table_S5.xlsx,6 Somites,16,18,1.36377817517406,moderate,dataset_derived,True,False,True
pancreatic_intestinal_endoderm,26,RPS25,published_modules,FARRELL2018_TABLE_S5,NIHMS993376-supplement-Table_S5.xlsx,6 Somites,16,19,1.3617232591946,moderate,dataset_derived,False,True,False
pancreatic_intestinal_endoderm,26,ACIN1A,published_modules,FARRELL2018_TABLE_S5,NIHMS993376-supplement-Table_S5.xlsx,6 Somites,16,20,1.35766277594734,moderate,dataset_derived,False,False,False
pancreatic_intestinal_endoderm,26,VOX,published_modules,FARRELL2018_TABLE_S5,NIHMS993376-supplement-Table_S5.xlsx,6 Somites,16,21,1.34282244510501,moderate,dataset_derived,True,False,True
pancreatic_intestinal_endoderm,26,EEF2B,published_modules,FARRELL2018_TABLE_S5,NIHMS993376-supplement-Table_S5.xlsx,6 Somites,16,22,1.30991435665232,moderate,dataset_derived,False,False,False
pancreatic_intestinal_endoderm,26,CIRBPB,published_modules,FARRELL2018_TABLE_S5,NIHMS993376-supplement-Table_S5.xlsx,6 Somites,16,23,1.26295576309779,moderate,dataset_derived,False,False,False
pancreatic_intestinal_endoderm,26,MARCKSL1B,published_modules,FARRELL2018_TABLE_S5,NIHMS993376-supplement-Table_S5.xlsx,6 Somites,16,24,1.20047644820115,moderate,dataset_derived,True,False,True
pancreatic_intestinal_endoderm,26,SI:DKEY-151G10.6,published_modules,FARRELL2018_TABLE_S5,NIHMS993376-supplement-Table_S5.xlsx,6 Somites,16,25,1.19062568025992,moderate,dataset_derived,False,False,False
pancreatic_intestinal_endoderm,26,RPS28,published_modules,FARRELL2018_TABLE_S5,NIHMS993376-supplement-Table_S5.xlsx,6 Somites,16,26,1.17347759390404,moderate,dataset_derived,False,True,False
pancreatic_intestinal_endoderm,26,RPS18,published_modules,FARRELL2018_TABLE_S5,NIHMS993376-supplement-Table_S5.xlsx,6 Somites,16,27,1.11508482612556,moderate,dataset_derived,False,True,False
pancreatic_intestinal_endoderm,26,ZGC:110425,published_modules,FARRELL2018_TABLE_S5,NIHMS993376-supplement-Table_S5.xlsx,6 Somites,16,28,1.02401596333792,moderate,dataset_derived,True,False,True
pancreatic_intestinal_endoderm,26,HIST2H2AB,published_modules,FARRELL2018_TABLE_S5,NIHMS993376-supplement-Table_S5.xlsx,6 Somites,16,29,1.01998456938058,moderate,dataset_derived,False,False,False
pancreatic_intestinal_endoderm,26,RPS12,published_modules,FARRELL2018_TABLE_S5,NIHMS993376-supplement-Table_S5.xlsx,6 Somites,16,30,1.00489420706656,moderate,dataset_derived,False,True,False
pancreatic_intestinal_endoderm,26,CDX4,published_modules,FARRELL2018_TABLE_S5,NIHMS993376-supplement-Table_S5.xlsx,6 Somites,40,1,4.77732178119416,moderate,dataset_derived,True,False,True
pancreatic_intestinal_endoderm,26,HOXB7A,published_modules,FARRELL2018_TABLE_S5,NIHMS993376-supplement-Table_S5.xlsx,6 Somites,40,2,3.87178588770924,moderate,dataset_derived,True,False,True
pancreatic_intestinal_endoderm,26,HOXC3A,published_modules,FARRELL2018_TABLE_S5,NIHMS993376-supplement-Table_S5.xlsx,6 Somites,40,3,3.30133917882626,moderate,dataset_derived,True,False,True
pancreatic_intestinal_endoderm,26,TUBA1A,published_modules,FARRELL2018_TABLE_S5,NIHMS993376-supplement-Table_S5.xlsx,6 Somites,40,4,2.82094094533217,moderate,dataset_derived,True,False,True
pancreatic_intestinal_endoderm,26,PTMAA,published_modules,FARRELL2018_TABLE_S5,NIHMS993376-supplement-Table_S5.xlsx,6 Somites,40,5,2.73215260166657,moderate,dataset_derived,True,True,False
pancreatic_intestinal_endoderm,26,SP5L,published_modules,FARRELL2018_TABLE_S5,NIHMS993376-supplement-Table_S5.xlsx,6 Somites,40,6,2.7268250947091,moderate,dataset_derived,True,False,True
pancreatic_intestinal_endoderm,26,SI:DKEY-11C5.14,published_modules,FARRELL2018_TABLE_S5,NIHMS993376-supplement-Table_S5.xlsx,6 Somites,40,7,2.71764129242238,moderate,dataset_derived,True,False,True
pancreatic_intestinal_endoderm,26,HSPB1,published_modules,FARRELL2018_TABLE_S5,NIHMS993376-supplement-Table_S5.xlsx,6 Somites,40,8,2.66817241473815,moderate,dataset_derived,True,True,False
pancreatic_intestinal_endoderm,26,FGF8A,published_modules,FARRELL2018_TABLE_S5,NIHMS993376-supplement-Table_S5.xlsx,6 Somites,40,9,2.62133417182062,moderate,dataset_derived,True,False,True
pancreatic_intestinal_endoderm,26,HOXD9A,published_modules,FARRELL2018_TABLE_S5,NIHMS993376-supplement-Table_S5.xlsx,6 Somites,40,10,2.52202094999229,moderate,dataset_derived,True,False,True
pancreatic_intestinal_endoderm,26,HES6,published_modules,FARRELL2018_TABLE_S5,NIHMS993376-supplement-Table_S5.xlsx,6 Somites,40,11,2.47932684967803,moderate,dataset_derived,True,False,True
pancreatic_intestinal_endoderm,26,STMN1A,published_modules,FARRELL2018_TABLE_S5,NIHMS993376-supplement-Table_S5.xlsx,6 Somites,40,12,2.46619782663398,moderate,dataset_derived,True,False,True
pancreatic_intestinal_endoderm,26,APELA,published_modules,FARRELL2018_TABLE_S5,NIHMS993376-supplement-Table_S5.xlsx,6 Somites,40,13,2.40604057229097,moderate,dataset_derived,True,False,True
pancreatic_intestinal_endoderm,26,HOXA9B,published_modules,FARRELL2018_TABLE_S5,NIHMS993376-supplement-Table_S5.xlsx,6 Somites,40,14,2.3402712605458,moderate,dataset_derived,True,False,True
pancreatic_intestinal_endoderm,26,CX43.4,published_modules,FARRELL2018_TABLE_S5,NIHMS993376-supplement-Table_S5.xlsx,6 Somites,40,15,2.30220578691383,moderate,dataset_derived,True,False,True
pancreatic_intestinal_endoderm,26,HOXB10A,published_modules,FARRELL2018_TABLE_S5,NIHMS993376-supplement-Table_S5.xlsx,6 Somites,40,16,2.30079116800809,moderate,dataset_derived,True,False,True
pancreatic_intestinal_endoderm,26,HOXC8A,published_modules,FARRELL2018_TABLE_S5,NIHMS993376-supplement-Table_S5.xlsx,6 Somites,40,17,2.26821085659739,moderate,dataset_derived,True,False,True
pancreatic_intestinal_endoderm,26,PTGDSB,published_modules,FARRELL2018_TABLE_S5,NIHMS993376-supplement-Table_S5.xlsx,6 Somites,40,18,2.23166214511802,moderate,dataset_derived,True,False,True
pancreatic_intestinal_endoderm,26,SERPINH1B,published_modules,FARRELL2018_TABLE_S5,NIHMS993376-supplement-Table_S5.xlsx,6 Somites,40,19,2.15842668530625,moderate,dataset_derived,True,False,True
pancreatic_intestinal_endoderm,26,HOXB9A,published_modules,FARRELL2018_TABLE_S5,NIHMS993376-supplement-Table_S5.xlsx,6 Somites,40,20,2.13777666489851,moderate,dataset_derived,True,False,True
pancreatic_intestinal_endoderm,26,CHD,published_modules,FARRELL2018_TABLE_S5,NIHMS993376-supplement-Table_S5.xlsx,6 Somites,40,21,2.11597341236224,moderate,dataset_derived,True,False,True
pancreatic_intestinal_endoderm,26,NOTO,published_modules,FARRELL2018_TABLE_S5,NIHMS993376-supplement-Table_S5.xlsx,6 Somites,40,22,1.82624990782544,moderate,dataset_derived,True,False,True
pancreatic_intestinal_endoderm,26,SOX19A,published_modules,FARRELL2018_TABLE_S5,NIHMS993376-supplement-Table_S5.xlsx,6 Somites,40,23,1.69401231927428,moderate,dataset_derived,True,False,True
pancreatic_intestinal_endoderm,26,SOX2,published_modules,FARRELL2018_TABLE_S5,NIHMS993376-supplement-Table_S5.xlsx,6 Somites,40,24,1.64571947191401,moderate,dataset_derived,True,False,True
pancreatic_intestinal_endoderm,26,ALCAMB,published_modules,FARRELL2018_TABLE_S5,NIHMS993376-supplement-Table_S5.xlsx,6 Somites,40,25,1.58201159403184,moderate,dataset_derived,True,False,True
pancreatic_intestinal_endoderm,26,NKX1.2LA,published_modules,FARRELL2018_TABLE_S5,NIHMS993376-supplement-Table_S5.xlsx,6 Somites,40,26,1.55704784751802,moderate,dataset_derived,True,False,True
pancreatic_intestinal_endoderm,26,HER3,published_modules,FARRELL2018_TABLE_S5,NIHMS993376-supplement-Table_S5.xlsx,6 Somites,40,27,1.47747557741337,moderate,dataset_derived,True,False,True
pancreatic_intestinal_endoderm,26,HOXC9A,published_modules,FARRELL2018_TABLE_S5,NIHMS993376-supplement-Table_S5.xlsx,6 Somites,40,28,1.47289504694515,moderate,dataset_derived,False,False,False
pancreatic_intestinal_endoderm,26,SALL4,published_modules,FARRELL2018_TABLE_S5,NIHMS993376-supplement-Table_S5.xlsx,6 Somites,40,29,1.44707015654033,moderate,dataset_derived,True,False,True
pancreatic_intestinal_endoderm,26,ZNFL2A,published_modules,FARRELL2018_TABLE_S5,NIHMS993376-supplement-Table_S5.xlsx,6 Somites,40,30,1.4150740925921,moderate,dataset_derived,True,False,True
pharyngeal_endoderm,17,SI:CH211-152C2.3,published_modules,FARRELL2018_TABLE_S5,NIHMS993376-supplement-Table_S5.xlsx,6 Somites,26,1,3.57099279013791,moderate,dataset_derived,True,False,True
pharyngeal_endoderm,17,PRDX5,published_modules,FARRELL2018_TABLE_S5,NIHMS993376-supplement-Table_S5.xlsx,6 Somites,26,2,3.32206503644963,moderate,dataset_derived,True,False,True
pharyngeal_endoderm,17,CD9B,published_modules,FARRELL2018_TABLE_S5,NIHMS993376-supplement-Table_S5.xlsx,6 Somites,26,3,2.89696468770419,moderate,dataset_derived,True,False,True
pharyngeal_endoderm,17,KRT18,published_modules,FARRELL2018_TABLE_S5,NIHMS993376-supplement-Table_S5.xlsx,6 Somites,26,4,2.65986126029556,moderate,dataset_derived,True,False,True
pharyngeal_endoderm,17,SI:CH211-156J16.1,published_modules,FARRELL2018_TABLE_S5,NIHMS993376-supplement-Table_S5.xlsx,6 Somites,26,5,2.59835364670701,moderate,dataset_derived,True,False,True
pharyngeal_endoderm,17,CDH6,published_modules,FARRELL2018_TABLE_S5,NIHMS993376-supplement-Table_S5.xlsx,6 Somites,26,6,2.18135274894845,moderate,dataset_derived,True,False,True
pharyngeal_endoderm,17,AKAP12B,published_modules,FARRELL2018_TABLE_S5,NIHMS993376-supplement-Table_S5.xlsx,6 Somites,26,7,2.10822567554408,moderate,dataset_derived,True,False,True
pharyngeal_endoderm,17,ASPH,published_modules,FARRELL2018_TABLE_S5,NIHMS993376-supplement-Table_S5.xlsx,6 Somites,26,8,2.07453488254668,moderate,dataset_derived,True,False,True
pharyngeal_endoderm,17,APELA,published_modules,FARRELL2018_TABLE_S5,NIHMS993376-supplement-Table_S5.xlsx,6 Somites,26,9,2.05228021666519,moderate,dataset_derived,True,False,True
pharyngeal_endoderm,17,PLTP,published_modules,FARRELL2018_TABLE_S5,NIHMS993376-supplement-Table_S5.xlsx,6 Somites,26,10,1.9767918457849,moderate,dataset_derived,True,False,True
pharyngeal_endoderm,17,MARCKSL1B,published_modules,FARRELL2018_TABLE_S5,NIHMS993376-supplement-Table_S5.xlsx,6 Somites,26,11,1.93176453438339,moderate,dataset_derived,True,False,True
pharyngeal_endoderm,17,F11R.1,published_modules,FARRELL2018_TABLE_S5,NIHMS993376-supplement-Table_S5.xlsx,6 Somites,26,12,1.7332894690487,moderate,dataset_derived,True,False,True
pharyngeal_endoderm,17,ID3,published_modules,FARRELL2018_TABLE_S5,NIHMS993376-supplement-Table_S5.xlsx,6 Somites,26,13,1.71423641184987,moderate,dataset_derived,True,False,True
pharyngeal_endoderm,17,ACTB1,published_modules,FARRELL2018_TABLE_S5,NIHMS993376-supplement-Table_S5.xlsx,6 Somites,26,14,1.63140989121113,moderate,dataset_derived,True,True,False
pharyngeal_endoderm,17,ACTB2,published_modules,FARRELL2018_TABLE_S5,NIHMS993376-supplement-Table_S5.xlsx,6 Somites,26,15,1.4971685754995,moderate,dataset_derived,False,True,False
pharyngeal_endoderm,17,KRT8,published_modules,FARRELL2018_TABLE_S5,NIHMS993376-supplement-Table_S5.xlsx,6 Somites,26,16,1.49028559325229,moderate,dataset_derived,True,False,True
pharyngeal_endoderm,17,LSP1,published_modules,FARRELL2018_TABLE_S5,NIHMS993376-supplement-Table_S5.xlsx,6 Somites,26,17,1.48944797142189,moderate,dataset_derived,True,False,True
pharyngeal_endoderm,17,IRX7,published_modules,FARRELL2018_TABLE_S5,NIHMS993376-supplement-Table_S5.xlsx,6 Somites,26,18,1.47288322164519,moderate,dataset_derived,True,False,True
pharyngeal_endoderm,17,TPM3,published_modules,FARRELL2018_TABLE_S5,NIHMS993376-supplement-Table_S5.xlsx,6 Somites,26,19,1.3966352308166,moderate,dataset_derived,False,False,False
pharyngeal_endoderm,17,HER9,published_modules,FARRELL2018_TABLE_S5,NIHMS993376-supplement-Table_S5.xlsx,6 Somites,26,20,1.34617568925833,moderate,dataset_derived,True,False,True
pharyngeal_endoderm,17,MCAMA,published_modules,FARRELL2018_TABLE_S5,NIHMS993376-supplement-Table_S5.xlsx,6 Somites,26,21,1.34042606140241,moderate,dataset_derived,True,False,True
pharyngeal_endoderm,17,JUN,published_modules,FARRELL2018_TABLE_S5,NIHMS993376-supplement-Table_S5.xlsx,6 Somites,26,22,1.29326273559225,moderate,dataset_derived,True,False,True
pharyngeal_endoderm,17,SI:DKEY-261H17.1,published_modules,FARRELL2018_TABLE_S5,NIHMS993376-supplement-Table_S5.xlsx,6 Somites,26,23,1.2831832013849,moderate,dataset_derived,True,False,True
pharyngeal_endoderm,17,CNN3A,published_modules,FARRELL2018_TABLE_S5,NIHMS993376-supplement-Table_S5.xlsx,6 Somites,26,24,1.25455362933475,moderate,dataset_derived,False,False,False
pharyngeal_endoderm,17,TAGLN2,published_modules,FARRELL2018_TABLE_S5,NIHMS993376-supplement-Table_S5.xlsx,6 Somites,26,25,1.24559966207247,moderate,dataset_derived,True,False,True
pharyngeal_endoderm,17,GPM6AB,published_modules,FARRELL2018_TABLE_S5,NIHMS993376-supplement-Table_S5.xlsx,6 Somites,26,26,1.21559612385968,moderate,dataset_derived,True,False,True
pharyngeal_endoderm,17,ABRACL,published_modules,FARRELL2018_TABLE_S5,NIHMS993376-supplement-Table_S5.xlsx,6 Somites,26,27,1.20358697456468,moderate,dataset_derived,False,False,False
pharyngeal_endoderm,17,HSPB1,published_modules,FARRELL2018_TABLE_S5,NIHMS993376-supplement-Table_S5.xlsx,6 Somites,26,28,1.20095277897912,moderate,dataset_derived,True,True,False
pharyngeal_endoderm,17,SI:CH73-234B20.5,published_modules,FARRELL2018_TABLE_S5,NIHMS993376-supplement-Table_S5.xlsx,6 Somites,26,29,1.18959106143288,moderate,dataset_derived,True,False,True
pharyngeal_endoderm,17,MALAT1,published_modules,FARRELL2018_TABLE_S5,NIHMS993376-supplement-Table_S5.xlsx,6 Somites,26,30,1.17801903407295,moderate,dataset_derived,False,True,False
prechordal_plate,29,ZGC:174153,published_modules,FARRELL2018_TABLE_S5,NIHMS993376-supplement-Table_S5.xlsx,6 Somites,3,1,4.18231458557063,high,dataset_derived,True,False,True
prechordal_plate,29,ZGC:174855,published_modules,FARRELL2018_TABLE_S5,NIHMS993376-supplement-Table_S5.xlsx,6 Somites,3,2,3.58535605870643,high,dataset_derived,True,False,True
prechordal_plate,29,CTSLB,published_modules,FARRELL2018_TABLE_S5,NIHMS993376-supplement-Table_S5.xlsx,6 Somites,3,3,3.42558710219561,high,dataset_derived,True,False,True
prechordal_plate,29,HE1A,published_modules,FARRELL2018_TABLE_S5,NIHMS993376-supplement-Table_S5.xlsx,6 Somites,3,4,3.37914084360151,high,dataset_derived,True,False,True
prechordal_plate,29,CALR3B,published_modules,FARRELL2018_TABLE_S5,NIHMS993376-supplement-Table_S5.xlsx,6 Somites,3,5,3.20781983027244,high,dataset_derived,True,False,True
prechordal_plate,29,HE1B,published_modules,FARRELL2018_TABLE_S5,NIHMS993376-supplement-Table_S5.xlsx,6 Somites,3,6,2.86004809000147,high,dataset_derived,True,False,True
prechordal_plate,29,TRAM1,published_modules,FARRELL2018_TABLE_S5,NIHMS993376-supplement-Table_S5.xlsx,6 Somites,3,7,2.83737437445616,high,dataset_derived,True,False,True
prechordal_plate,29,XBP1,published_modules,FARRELL2018_TABLE_S5,NIHMS993376-supplement-Table_S5.xlsx,6 Somites,3,8,2.48579532584634,high,dataset_derived,True,False,True
prechordal_plate,29,SI:DKEY-26G8.5,published_modules,FARRELL2018_TABLE_S5,NIHMS993376-supplement-Table_S5.xlsx,6 Somites,3,9,2.32853898428695,high,dataset_derived,True,False,True
prechordal_plate,29,CD63,published_modules,FARRELL2018_TABLE_S5,NIHMS993376-supplement-Table_S5.xlsx,6 Somites,3,10,2.28713138117054,high,dataset_derived,True,False,True
prechordal_plate,29,SEC61B,published_modules,FARRELL2018_TABLE_S5,NIHMS993376-supplement-Table_S5.xlsx,6 Somites,3,11,2.22544151109478,high,dataset_derived,True,True,False
prechordal_plate,29,SSR2,published_modules,FARRELL2018_TABLE_S5,NIHMS993376-supplement-Table_S5.xlsx,6 Somites,3,12,2.21740385424144,high,dataset_derived,True,True,False
prechordal_plate,29,SEC61G,published_modules,FARRELL2018_TABLE_S5,NIHMS993376-supplement-Table_S5.xlsx,6 Somites,3,13,2.08837838306592,high,dataset_derived,True,True,False
prechordal_plate,29,SSR4,published_modules,FARRELL2018_TABLE_S5,NIHMS993376-supplement-Table_S5.xlsx,6 Somites,3,14,2.07214983259279,high,dataset_derived,True,True,False
prechordal_plate,29,FKBP11,published_modules,FARRELL2018_TABLE_S5,NIHMS993376-supplement-Table_S5.xlsx,6 Somites,3,15,1.98769396715305,high,dataset_derived,True,False,True
prechordal_plate,29,SSR3,published_modules,FARRELL2018_TABLE_S5,NIHMS993376-supplement-Table_S5.xlsx,6 Somites,3,16,1.93815187894792,high,dataset_derived,False,True,False
prechordal_plate,29,HSPA5,published_modules,FARRELL2018_TABLE_S5,NIHMS993376-supplement-Table_S5.xlsx,6 Somites,3,17,1.92769919394651,high,dataset_derived,True,True,False
prechordal_plate,29,RRBP1B,published_modules,FARRELL2018_TABLE_S5,NIHMS993376-supplement-Table_S5.xlsx,6 Somites,3,18,1.91104243330081,high,dataset_derived,True,False,True
prechordal_plate,29,CITED4B,published_modules,FARRELL2018_TABLE_S5,NIHMS993376-supplement-Table_S5.xlsx,6 Somites,3,19,1.7454810137262,high,dataset_derived,True,False,True
prechordal_plate,29,SI:DKEY-269I1.3,published_modules,FARRELL2018_TABLE_S5,NIHMS993376-supplement-Table_S5.xlsx,6 Somites,3,20,1.73278666465508,high,dataset_derived,True,False,True
prechordal_plate,29,ID3,published_modules,FARRELL2018_TABLE_S5,NIHMS993376-supplement-Table_S5.xlsx,6 Somites,3,21,1.67653977100857,high,dataset_derived,True,False,True
prechordal_plate,29,KRT18,published_modules,FARRELL2018_TABLE_S5,NIHMS993376-supplement-Table_S5.xlsx,6 Somites,3,22,1.57149035892994,high,dataset_derived,True,False,True
prechordal_plate,29,HDLBPA,published_modules,FARRELL2018_TABLE_S5,NIHMS993376-supplement-Table_S5.xlsx,6 Somites,3,23,1.56792139217137,high,dataset_derived,False,False,False
prechordal_plate,29,LRRC59,published_modules,FARRELL2018_TABLE_S5,NIHMS993376-supplement-Table_S5.xlsx,6 Somites,3,24,1.49705135393069,high,dataset_derived,True,False,True
prechordal_plate,29,OST4,published_modules,FARRELL2018_TABLE_S5,NIHMS993376-supplement-Table_S5.xlsx,6 Somites,3,25,1.48833572290196,high,dataset_derived,False,False,False
prechordal_plate,29,ATPIF1B,published_modules,FARRELL2018_TABLE_S5,NIHMS993376-supplement-Table_S5.xlsx,6 Somites,3,26,1.45087879134239,high,dataset_derived,True,False,True
prechordal_plate,29,PITX2,published_modules,FARRELL2018_TABLE_S5,NIHMS993376-supplement-Table_S5.xlsx,6 Somites,3,27,1.44483315006351,high,dataset_derived,True,False,True
prechordal_plate,29,ASPH,published_modules,FARRELL2018_TABLE_S5,NIHMS993376-supplement-Table_S5.xlsx,6 Somites,3,28,1.3961998456294,high,dataset_derived,True,False,True
prechordal_plate,29,SI:DKEY-239J18.2,published_modules,FARRELL2018_TABLE_S5,NIHMS993376-supplement-Table_S5.xlsx,6 Somites,3,29,1.39537774998139,high,dataset_derived,True,False,True
prechordal_plate,29,SI:DKEY-239J18.3,published_modules,FARRELL2018_TABLE_S5,NIHMS993376-supplement-Table_S5.xlsx,6 Somites,3,30,1.35634705434465,high,dataset_derived,True,False,True
somites,12,SI:DKEY-11C5.14,published_modules,FARRELL2018_TABLE_S5,NIHMS993376-supplement-Table_S5.xlsx,6 Somites,5,1,3.17545140113976,high,dataset_derived,True,False,True
somites,12,MEOX1,published_modules,FARRELL2018_TABLE_S5,NIHMS993376-supplement-Table_S5.xlsx,6 Somites,5,2,3.15031598034114,high,dataset_derived,True,False,True
somites,12,EFEMP2B,published_modules,FARRELL2018_TABLE_S5,NIHMS993376-supplement-Table_S5.xlsx,6 Somites,5,3,3.00039525662355,high,dataset_derived,True,False,True
somites,12,TCF15,published_modules,FARRELL2018_TABLE_S5,NIHMS993376-supplement-Table_S5.xlsx,6 Somites,5,4,2.85927827704644,high,dataset_derived,True,False,True
somites,12,SERPINH1B,published_modules,FARRELL2018_TABLE_S5,NIHMS993376-supplement-Table_S5.xlsx,6 Somites,5,5,2.83756948139164,high,dataset_derived,True,False,True
somites,12,TBX6,published_modules,FARRELL2018_TABLE_S5,NIHMS993376-supplement-Table_S5.xlsx,6 Somites,5,6,2.6561573658477,high,dataset_derived,True,False,True
somites,12,MYF5,published_modules,FARRELL2018_TABLE_S5,NIHMS993376-supplement-Table_S5.xlsx,6 Somites,5,7,2.56010218716497,high,dataset_derived,True,False,True
somites,12,HSP90AA1.1,published_modules,FARRELL2018_TABLE_S5,NIHMS993376-supplement-Table_S5.xlsx,6 Somites,5,8,2.50263545640059,high,dataset_derived,True,True,False
somites,12,FKBP7,published_modules,FARRELL2018_TABLE_S5,NIHMS993376-supplement-Table_S5.xlsx,6 Somites,5,9,2.35965385892053,high,dataset_derived,False,False,False
somites,12,ARL4AA,published_modules,FARRELL2018_TABLE_S5,NIHMS993376-supplement-Table_S5.xlsx,6 Somites,5,10,2.15730416072224,high,dataset_derived,True,False,True
somites,12,ZFAND5A,published_modules,FARRELL2018_TABLE_S5,NIHMS993376-supplement-Table_S5.xlsx,6 Somites,5,11,2.07889141525118,high,dataset_derived,True,False,True
somites,12,NET1,published_modules,FARRELL2018_TABLE_S5,NIHMS993376-supplement-Table_S5.xlsx,6 Somites,5,12,2.03202570187766,high,dataset_derived,False,False,False
somites,12,PLP2,published_modules,FARRELL2018_TABLE_S5,NIHMS993376-supplement-Table_S5.xlsx,6 Somites,5,13,1.98641791777049,high,dataset_derived,True,False,True
somites,12,PCDH8,published_modules,FARRELL2018_TABLE_S5,NIHMS993376-supplement-Table_S5.xlsx,6 Somites,5,14,1.96225292061483,high,dataset_derived,True,False,True
somites,12,QKIA,published_modules,FARRELL2018_TABLE_S5,NIHMS993376-supplement-Table_S5.xlsx,6 Somites,5,15,1.90516272401366,high,dataset_derived,False,False,False
somites,12,CX43.4,published_modules,FARRELL2018_TABLE_S5,NIHMS993376-supplement-Table_S5.xlsx,6 Somites,5,16,1.86896748207092,high,dataset_derived,True,False,True
somites,12,HOXB7A,published_modules,FARRELL2018_TABLE_S5,NIHMS993376-supplement-Table_S5.xlsx,6 Somites,5,17,1.86528928282668,high,dataset_derived,True,False,True
somites,12,DYNLL1,published_modules,FARRELL2018_TABLE_S5,NIHMS993376-supplement-Table_S5.xlsx,6 Somites,5,18,1.85257563071474,high,dataset_derived,True,True,False
somites,12,TUBA8L2,published_modules,FARRELL2018_TABLE_S5,NIHMS993376-supplement-Table_S5.xlsx,6 Somites,5,19,1.79151651710537,high,dataset_derived,True,False,True
somites,12,RIPPLY2,published_modules,FARRELL2018_TABLE_S5,NIHMS993376-supplement-Table_S5.xlsx,6 Somites,5,20,1.75786348189505,high,dataset_derived,True,False,True
somites,12,SI:CH73-281N10.2,published_modules,FARRELL2018_TABLE_S5,NIHMS993376-supplement-Table_S5.xlsx,6 Somites,5,21,1.7403493740879,high,dataset_derived,False,False,False
somites,12,ASPH,published_modules,FARRELL2018_TABLE_S5,NIHMS993376-supplement-Table_S5.xlsx,6 Somites,5,22,1.69247298824194,high,dataset_derived,True,False,True
somites,12,ZIC3,published_modules,FARRELL2018_TABLE_S5,NIHMS993376-supplement-Table_S5.xlsx,6 Somites,5,23,1.67437404026325,high,dataset_derived,True,False,True
somites,12,HER1,published_modules,FARRELL2018_TABLE_S5,NIHMS993376-supplement-Table_S5.xlsx,6 Somites,5,24,1.6390291019114,high,dataset_derived,True,False,True
somites,12,DMRT2A,published_modules,FARRELL2018_TABLE_S5,NIHMS993376-supplement-Table_S5.xlsx,6 Somites,5,25,1.62064665100645,high,dataset_derived,True,False,True
somites,12,BTG2,published_modules,FARRELL2018_TABLE_S5,NIHMS993376-supplement-Table_S5.xlsx,6 Somites,5,26,1.49092210506237,high,dataset_derived,True,False,True
somites,12,HES6,published_modules,FARRELL2018_TABLE_S5,NIHMS993376-supplement-Table_S5.xlsx,6 Somites,5,27,1.45433245784995,high,dataset_derived,True,False,True
somites,12,FN1B,published_modules,FARRELL2018_TABLE_S5,NIHMS993376-supplement-Table_S5.xlsx,6 Somites,5,28,1.44821202197941,high,dataset_derived,True,False,True
somites,12,NID2A,published_modules,FARRELL2018_TABLE_S5,NIHMS993376-supplement-Table_S5.xlsx,6 Somites,5,29,1.42087924282185,high,dataset_derived,True,False,True
somites,12,PPRC1,published_modules,FARRELL2018_TABLE_S5,NIHMS993376-supplement-Table_S5.xlsx,6 Somites,5,30,1.40930474013939,high,dataset_derived,False,False,False
somites,12,MDKA,published_modules,FARRELL2018_TABLE_S5,NIHMS993376-supplement-Table_S5.xlsx,6 Somites,18,1,3.48516461534465,high,dataset_derived,True,False,True
somites,12,EFEMP2B,published_modules,FARRELL2018_TABLE_S5,NIHMS993376-supplement-Table_S5.xlsx,6 Somites,18,2,3.25577908627727,high,dataset_derived,True,False,True
somites,12,MEOX1,published_modules,FARRELL2018_TABLE_S5,NIHMS993376-supplement-Table_S5.xlsx,6 Somites,18,3,3.2328634709375,high,dataset_derived,True,False,True
somites,12,ASPH,published_modules,FARRELL2018_TABLE_S5,NIHMS993376-supplement-Table_S5.xlsx,6 Somites,18,4,3.18477117626277,high,dataset_derived,True,False,True
somites,12,RIPPLY1,published_modules,FARRELL2018_TABLE_S5,NIHMS993376-supplement-Table_S5.xlsx,6 Somites,18,5,3.15506543274958,high,dataset_derived,True,False,True
somites,12,TCF15,published_modules,FARRELL2018_TABLE_S5,NIHMS993376-supplement-Table_S5.xlsx,6 Somites,18,6,2.73314266850407,high,dataset_derived,True,False,True
somites,12,QKIA,published_modules,FARRELL2018_TABLE_S5,NIHMS993376-supplement-Table_S5.xlsx,6 Somites,18,7,1.98381730292537,high,dataset_derived,False,False,False
somites,12,ID1,published_modules,FARRELL2018_TABLE_S5,NIHMS993376-supplement-Table_S5.xlsx,6 Somites,18,8,1.9277869366532,high,dataset_derived,True,False,True
somites,12,CPN1,published_modules,FARRELL2018_TABLE_S5,NIHMS993376-supplement-Table_S5.xlsx,6 Somites,18,9,1.87486331985094,high,dataset_derived,True,False,True
somites,12,KAZALD2,published_modules,FARRELL2018_TABLE_S5,NIHMS993376-supplement-Table_S5.xlsx,6 Somites,18,10,1.75820009383557,high,dataset_derived,True,False,True
somites,12,TGFBI,published_modules,FARRELL2018_TABLE_S5,NIHMS993376-supplement-Table_S5.xlsx,6 Somites,18,11,1.70923353727171,high,dataset_derived,True,False,True
somites,12,FSTL1A,published_modules,FARRELL2018_TABLE_S5,NIHMS993376-supplement-Table_S5.xlsx,6 Somites,18,12,1.62566603182513,high,dataset_derived,True,False,True
somites,12,FN1B,published_modules,FARRELL2018_TABLE_S5,NIHMS993376-supplement-Table_S5.xlsx,6 Somites,18,13,1.57210362913135,high,dataset_derived,True,False,True
somites,12,ANGPTL7,published_modules,FARRELL2018_TABLE_S5,NIHMS993376-supplement-Table_S5.xlsx,6 Somites,18,14,1.56354098097662,high,dataset_derived,True,False,True
somites,12,TUBA8L2,published_modules,FARRELL2018_TABLE_S5,NIHMS993376-supplement-Table_S5.xlsx,6 Somites,18,15,1.50036328600743,high,dataset_derived,True,False,True
somites,12,ALDH1A2,published_modules,FARRELL2018_TABLE_S5,NIHMS993376-supplement-Table_S5.xlsx,6 Somites,18,16,1.3406629933009,high,dataset_derived,True,False,True
somites,12,SI:CH73-281N10.2,published_modules,FARRELL2018_TABLE_S5,NIHMS993376-supplement-Table_S5.xlsx,6 Somites,18,17,1.32770506937449,high,dataset_derived,False,False,False
somites,12,RPS20,published_modules,FARRELL2018_TABLE_S5,NIHMS993376-supplement-Table_S5.xlsx,6 Somites,18,18,1.314099745865,high,dataset_derived,False,True,False
somites,12,DMRT2A,published_modules,FARRELL2018_TABLE_S5,NIHMS993376-supplement-Table_S5.xlsx,6 Somites,18,19,1.30168054037451,high,dataset_derived,True,False,True
somites,12,SERPINH1B,published_modules,FARRELL2018_TABLE_S5,NIHMS993376-supplement-Table_S5.xlsx,6 Somites,18,20,1.29962917904071,high,dataset_derived,True,False,True
somites,12,EMP2,published_modules,FARRELL2018_TABLE_S5,NIHMS993376-supplement-Table_S5.xlsx,6 Somites,18,21,1.27753875191397,high,dataset_derived,True,False,True
somites,12,RPS25,published_modules,FARRELL2018_TABLE_S5,NIHMS993376-supplement-Table_S5.xlsx,6 Somites,18,22,1.27269459519809,high,dataset_derived,False,True,False
somites,12,RPS28,published_modules,FARRELL2018_TABLE_S5,NIHMS993376-supplement-Table_S5.xlsx,6 Somites,18,23,1.21203918138335,high,dataset_derived,False,True,False
somites,12,NOP56,published_modules,FARRELL2018_TABLE_S5,NIHMS993376-supplement-Table_S5.xlsx,6 Somites,18,24,1.20022628175857,high,dataset_derived,False,False,False
somites,12,RPS12,published_modules,FARRELL2018_TABLE_S5,NIHMS993376-supplement-Table_S5.xlsx,6 Somites,18,25,1.19687617925211,high,dataset_derived,False,True,False
somites,12,DYNLL1,published_modules,FARRELL2018_TABLE_S5,NIHMS993376-supplement-Table_S5.xlsx,6 Somites,18,26,1.19228789088287,high,dataset_derived,True,True,False
somites,12,NR2F5,published_modules,FARRELL2018_TABLE_S5,NIHMS993376-supplement-Table_S5.xlsx,6 Somites,18,27,1.18780364958537,high,dataset_derived,True,False,True
somites,12,RPL6,published_modules,FARRELL2018_TABLE_S5,NIHMS993376-supplement-Table_S5.xlsx,6 Somites,18,28,1.18029647178958,high,dataset_derived,False,True,False
somites,12,SI:DKEY-151G10.6,published_modules,FARRELL2018_TABLE_S5,NIHMS993376-supplement-Table_S5.xlsx,6 Somites,18,29,1.15582392426953,high,dataset_derived,False,False,False
somites,12,RPL29,published_modules,FARRELL2018_TABLE_S5,NIHMS993376-supplement-Table_S5.xlsx,6 Somites,18,30,1.15515212448371,high,dataset_derived,False,True,False
