marker_set,lineage,gene,source
edt2,sc_beta,INS,Veres2019_ED_Table_2
edt2,sc_beta,NKX6-1,Veres2019_ED_Table_2
edt2,sc_beta,ISL1,Veres2019_ED_Table_2
edt2,sc_beta,PAX4,Veres2019_ED_Table_2
edt2,sc_beta,G6PC2,Veres2019_ED_Table_2
edt2,sc_beta,NPTX2,Veres2019_ED_Table_2
edt2,sc_alpha,GCG,Veres2019_ED_Table_2
edt2,sc_alpha,ARX,Veres2019_ED_Table_2
edt2,sc_alpha,IRX2,Veres2019_ED_Table_2
edt2,sc_alpha,CD36,Veres2019_ED_Table_2
edt2,sc_alpha,ISL1,Veres2019_ED_Table_2
edt2,sc_ec,TPH1,Veres2019_ED_Table_2
edt2,sc_ec,SLC18A1,Veres2019_ED_Table_2
edt2,sc_ec,FEV,Veres2019_ED_Table_2
edt2,sc_ec,DDC,Veres2019_ED_Table_2
edt2,sc_ec,ADRA2A,Veres2019_ED_Table_2
edt2,sst_hhex,SST,Veres2019_ED_Table_2
edt2,sst_hhex,HHEX,Veres2019_ED_Table_2
edt2,sst_hhex,ISL1,Veres2019_ED_Table_2
edt2,sst_hhex,RBP4,Veres2019_ED_Table_2
edt2,neurog3_early,NEUROG3,Veres2019_ED_Table_2
edt2,neurog3_early,BTG2,Veres2019_ED_Table_2
edt2,neurog3_early,GADD45A,Veres2019_ED_Table_2
edt2,neurog3_mid,NEUROG3,Veres2019_ED_Table_2
edt2,neurog3_mid,PAX4,Veres2019_ED_Table_2
edt2,neurog3_mid,HES6,Veres2019_ED_Table_2
edt2,neurog3_late,NEUROG3,Veres2019_ED_Table_2
edt2,neurog3_late,NEUROD1,Veres2019_ED_Table_2
edt2,neurog3_late,FEV,Veres2019_ED_Table_2
edt2,prog_nkx61,NKX6-1,Veres2019_ED_Table_2
edt2,prog_nkx61,PTF1A,Veres2019_ED_Table_2
edt2,prog_nkx61,SOX9,Veres2019_ED_Table_2
edt2,prog_nkx61,SPP1,Veres2019_ED_Table_2
edt2,phox2a,PHOX2A,Veres2019_ED_Table_2
edt2,phox2a,TPH1,Veres2019_ED_Table_2
edt2,phox2a,FEV,Veres2019_ED_Table_2
edt2,phox2a,KLK1,Veres2019_ED_Table_2
edt2,phox2a,ENC1,Veres2019_ED_Table_2
edt2,fev_high_isl_low,FEV,Veres2019_ED_Table_2
edt2,fev_high_isl_low,PAX4,Veres2019_ED_Table_2
edt2,fev_high_isl_low,ONECUT3,Veres2019_ED_Table_2
v1,sc_beta,INS,legacy_curated
v1,sc_beta,IAPP,legacy_curated
v1,sc_beta,DLK1,legacy_curated
v1,sc_beta,NPTX2,legacy_curated
v1,sc_beta,ERO1B,legacy_curated
v1,sc_beta,G6PC2,legacy_curated
v1,sc_beta,HADH,legacy_curated
v1,sc_beta,PCSK1,legacy_curated
v1,sc_beta,NKX6-1,legacy_curated
v1,sc_beta,MAFA,legacy_curated
v1,sc_beta,SLC30A8,legacy_curated
v1,sc_beta,ADCYAP1,legacy_curated
v1,sc_alpha,GCG,legacy_curated
v1,sc_alpha,ARX,legacy_curated
v1,sc_alpha,IRX2,legacy_curated
v1,sc_alpha,TTR,legacy_curated
v1,sc_alpha,MAFB,legacy_curated
v1,sc_alpha,PCSK2,legacy_curated
v1,sc_alpha,TM4SF4,legacy_curated
v1,sc_alpha,LOXL4,legacy_curated
v1,sst_hhex,SST,legacy_curated
v1,sst_hhex,HHEX,legacy_curated
v1,sst_hhex,RBP4,legacy_curated
v1,sc_ec,TPH1,legacy_curated
v1,sc_ec,SLC18A1,legacy_curated
v1,sc_ec,DDC,legacy_curated
v1,sc_ec,FEV,legacy_curated
v1,sc_ec,ADRA2A,legacy_curated
v1,exo,PRSS1,legacy_curated
v1,exo,CPA2,legacy_curated
v1,exo,CELA3A,legacy_curated
v1,exo,SPINK1,legacy_curated
v1,exo,CLPS,legacy_curated
v1,neurog3_early,NEUROG3,legacy_curated
v1,neurog3_early,BTG2,legacy_curated
v1,neurog3_early,HES6,legacy_curated
v1,neurog3_early,GADD45A,legacy_curated
v1,neurog3_mid,NEUROG3,legacy_curated
v1,neurog3_mid,NEUROD1,legacy_curated
v1,neurog3_mid,PAX4,legacy_curated
v1,neurog3_mid,HES6,legacy_curated
v1,neurog3_late,NEUROD1,legacy_curated
v1,neurog3_late,PAX4,legacy_curated
v1,neurog3_late,FEV,legacy_curated
v1,fev_high_isl_low,FEV,legacy_curated
v1,fev_high_isl_low,NEUROD1,legacy_curated
v1,fev_high_isl_low,PAX4,legacy_curated
v1,fev_high_isl_low,RFX6,legacy_curated
v1,phox2a,PHOX2A,legacy_curated
v1,phox2a,PHOX2B,legacy_curated
v1,phox2a,PRPH,legacy_curated
v1,phox2a,ELAVL4,legacy_curated
v1,phox2a,STMN2,legacy_curated
v1,prog_nkx61,NKX6-1,legacy_curated
v1,prog_nkx61,SOX9,legacy_curated
v1,prog_nkx61,SPP1,legacy_curated
