condition,analysis_role,readout,panel,metric,direction,mean_across_models,sd_across_models,n_models
artemis,low_source_sensitivity,drift,classical_frozen,own_nes,1,1.2818908179610982,,1
artemis,low_source_sensitivity,drift,classical_frozen,positive_fdr25,1,1.0,,1
artemis,low_source_sensitivity,drift,classical_frozen,recall50,1,0.41666666666666663,,1
artemis,low_source_sensitivity,drift,classical_frozen,self_is_top,1,,,0
artemis,low_source_sensitivity,drift,classical_frozen,self_nes,1,,,0
artemis,low_source_sensitivity,drift,classical_frozen,self_rank,-1,,,0
artemis,low_source_sensitivity,drift,published_modules,own_nes,1,1.2851362088854175,,1
artemis,low_source_sensitivity,drift,published_modules,positive_fdr25,1,0.6,,1
artemis,low_source_sensitivity,drift,published_modules,recall50,1,0.0922077922077922,,1
artemis,low_source_sensitivity,drift,published_modules,self_is_top,1,0.3,,1
artemis,low_source_sensitivity,drift,published_modules,self_nes,1,0.8989237422993372,,1
artemis,low_source_sensitivity,drift,published_modules,self_rank,-1,2.6,,1
artemis,low_source_sensitivity,expression,classical_frozen,own_nes,1,1.1372025110217794,,1
artemis,low_source_sensitivity,expression,classical_frozen,positive_fdr25,1,0.0,,1
artemis,low_source_sensitivity,expression,classical_frozen,recall50,1,0.0,,1
artemis,low_source_sensitivity,expression,classical_frozen,self_is_top,1,,,0
artemis,low_source_sensitivity,expression,classical_frozen,self_nes,1,,,0
artemis,low_source_sensitivity,expression,classical_frozen,self_rank,-1,,,0
artemis,low_source_sensitivity,expression,published_modules,own_nes,1,1.0757340104100854,,1
artemis,low_source_sensitivity,expression,published_modules,positive_fdr25,1,0.0,,1
artemis,low_source_sensitivity,expression,published_modules,recall50,1,0.02748917748917747,,1
artemis,low_source_sensitivity,expression,published_modules,self_is_top,1,0.0,,1
artemis,low_source_sensitivity,expression,published_modules,self_nes,1,1.0206233931731454,,1
artemis,low_source_sensitivity,expression,published_modules,self_rank,-1,4.3,,1
artemis,primary,drift,classical_frozen,own_nes,1,1.468851639310968,,1
artemis,primary,drift,classical_frozen,positive_fdr25,1,1.0,,1
artemis,primary,drift,classical_frozen,recall50,1,0.5,,1
artemis,primary,drift,classical_frozen,self_is_top,1,,,0
artemis,primary,drift,classical_frozen,self_nes,1,,,0
artemis,primary,drift,classical_frozen,self_rank,-1,,,0
artemis,primary,drift,published_modules,own_nes,1,0.2214869974644816,,1
artemis,primary,drift,published_modules,positive_fdr25,1,0.4444444444444445,,1
artemis,primary,drift,published_modules,recall50,1,0.25624605573454673,,1
artemis,primary,drift,published_modules,self_is_top,1,0.24444444444444446,,1
artemis,primary,drift,published_modules,self_nes,1,0.10036015983300202,,1
artemis,primary,drift,published_modules,self_rank,-1,3.3555555555555556,,1
artemis,primary,expression,classical_frozen,own_nes,1,1.3161557249759472,,1
artemis,primary,expression,classical_frozen,positive_fdr25,1,1.0,,1
artemis,primary,expression,classical_frozen,recall50,1,0.7,,1
artemis,primary,expression,classical_frozen,self_is_top,1,,,0
artemis,primary,expression,classical_frozen,self_nes,1,,,0
artemis,primary,expression,classical_frozen,self_rank,-1,,,0
artemis,primary,expression,published_modules,own_nes,1,1.3106964308895919,,1
artemis,primary,expression,published_modules,positive_fdr25,1,1.0,,1
artemis,primary,expression,published_modules,recall50,1,0.3227573301315841,,1
artemis,primary,expression,published_modules,self_is_top,1,0.6888888888888889,,1
artemis,primary,expression,published_modules,self_nes,1,1.2799615678962013,,1
artemis,primary,expression,published_modules,self_rank,-1,1.4222222222222223,,1
nogrn,low_source_sensitivity,drift,classical_frozen,own_nes,1,1.456274682551097,0.02441497471125088,3
nogrn,low_source_sensitivity,drift,classical_frozen,positive_fdr25,1,1.0,0.0,3
nogrn,low_source_sensitivity,drift,classical_frozen,recall50,1,0.5666666666666667,0.18559214542766736,3
nogrn,low_source_sensitivity,drift,classical_frozen,self_is_top,1,,,0
nogrn,low_source_sensitivity,drift,classical_frozen,self_nes,1,,,0
nogrn,low_source_sensitivity,drift,classical_frozen,self_rank,-1,,,0
nogrn,low_source_sensitivity,drift,published_modules,own_nes,1,1.660146127245369,0.03074420684735095,3
nogrn,low_source_sensitivity,drift,published_modules,positive_fdr25,1,1.0,0.0,3
nogrn,low_source_sensitivity,drift,published_modules,recall50,1,0.1614718614718614,0.022119263559862296,3
nogrn,low_source_sensitivity,drift,published_modules,self_is_top,1,0.16666666666666666,0.2081665999466133,3
nogrn,low_source_sensitivity,drift,published_modules,self_nes,1,0.9286545776598398,0.12585907421994016,3
nogrn,low_source_sensitivity,drift,published_modules,self_rank,-1,3.4,0.529150262212918,3
nogrn,low_source_sensitivity,expression,classical_frozen,own_nes,1,1.2280400141267407,0.026136329544842577,3
nogrn,low_source_sensitivity,expression,classical_frozen,positive_fdr25,1,1.0,0.0,3
nogrn,low_source_sensitivity,expression,classical_frozen,recall50,1,0.3499999999999999,0.07637626158259732,3
nogrn,low_source_sensitivity,expression,classical_frozen,self_is_top,1,,,0
nogrn,low_source_sensitivity,expression,classical_frozen,self_nes,1,,,0
nogrn,low_source_sensitivity,expression,classical_frozen,self_rank,-1,,,0
nogrn,low_source_sensitivity,expression,published_modules,own_nes,1,1.144431791341831,0.007597373841194658,3
nogrn,low_source_sensitivity,expression,published_modules,positive_fdr25,1,0.6666666666666666,0.20816659994661327,3
nogrn,low_source_sensitivity,expression,published_modules,recall50,1,0.0703463203463203,0.0,3
nogrn,low_source_sensitivity,expression,published_modules,self_is_top,1,0.39999999999999997,0.17320508075688773,3
nogrn,low_source_sensitivity,expression,published_modules,self_nes,1,1.1105065890153576,0.015017855958848789,3
nogrn,low_source_sensitivity,expression,published_modules,self_rank,-1,2.5666666666666664,0.37859388972001845,3
nogrn,primary,drift,classical_frozen,own_nes,1,-0.0029790289410639623,0.12494308548996103,3
nogrn,primary,drift,classical_frozen,positive_fdr25,1,0.16666666666666666,0.2886751345948129,3
nogrn,primary,drift,classical_frozen,recall50,1,0.5933333333333333,0.05291502622129178,3
nogrn,primary,drift,classical_frozen,self_is_top,1,,,0
nogrn,primary,drift,classical_frozen,self_nes,1,,,0
nogrn,primary,drift,classical_frozen,self_rank,-1,,,0
nogrn,primary,drift,published_modules,own_nes,1,1.106478703152856,0.24676661193113283,3
nogrn,primary,drift,published_modules,positive_fdr25,1,0.6296296296296297,0.06415002990995834,3
nogrn,primary,drift,published_modules,recall50,1,0.36540890986756286,0.0638351059829621,3
nogrn,primary,drift,published_modules,self_is_top,1,0.5777777777777778,0.058794473579213025,3
nogrn,primary,drift,published_modules,self_nes,1,0.8364093291139292,0.10081821983056305,3
nogrn,primary,drift,published_modules,self_rank,-1,2.3703703703703707,0.17824013948912543,3
nogrn,primary,expression,classical_frozen,own_nes,1,1.3425092358855144,0.0007535812700381173,3
nogrn,primary,expression,classical_frozen,positive_fdr25,1,1.0,0.0,3
nogrn,primary,expression,classical_frozen,recall50,1,0.6733333333333333,0.011547005383792535,3
nogrn,primary,expression,classical_frozen,self_is_top,1,,,0
nogrn,primary,expression,classical_frozen,self_nes,1,,,0
nogrn,primary,expression,classical_frozen,self_rank,-1,,,0
nogrn,primary,expression,published_modules,own_nes,1,1.300756957674147,0.005492673766928448,3
nogrn,primary,expression,published_modules,positive_fdr25,1,1.0,0.0,3
nogrn,primary,expression,published_modules,recall50,1,0.4486571557330295,0.01795701259487347,3
nogrn,primary,expression,published_modules,self_is_top,1,0.7777777777777777,0.10183501544346311,3
nogrn,primary,expression,published_modules,self_nes,1,1.2763657764612495,0.007619968570611583,3
nogrn,primary,expression,published_modules,self_rank,-1,1.274074074074074,0.15608375930152202,3
real,low_source_sensitivity,drift,classical_frozen,own_nes,1,1.3115080775669874,0.007751273365653619,3
real,low_source_sensitivity,drift,classical_frozen,positive_fdr25,1,1.0,0.0,3
real,low_source_sensitivity,drift,classical_frozen,recall50,1,0.3833333333333333,0.05773502691896252,3
real,low_source_sensitivity,drift,classical_frozen,self_is_top,1,,,0
real,low_source_sensitivity,drift,classical_frozen,self_nes,1,,,0
real,low_source_sensitivity,drift,classical_frozen,self_rank,-1,,,0
real,low_source_sensitivity,drift,published_modules,own_nes,1,1.5138516505377746,0.072314290996267,3
real,low_source_sensitivity,drift,published_modules,positive_fdr25,1,1.0,0.0,3
real,low_source_sensitivity,drift,published_modules,recall50,1,0.13261183261183254,0.029367383822416028,3
real,low_source_sensitivity,drift,published_modules,self_is_top,1,0.43333333333333335,0.05773502691896256,3
real,low_source_sensitivity,drift,published_modules,self_nes,1,1.1846267298802944,0.27388178906914373,3
real,low_source_sensitivity,drift,published_modules,self_rank,-1,2.3333333333333335,0.9237604307034011,3
real,low_source_sensitivity,expression,classical_frozen,own_nes,1,1.284783257949744,0.005521917128925019,3
real,low_source_sensitivity,expression,classical_frozen,positive_fdr25,1,1.0,0.0,3
real,low_source_sensitivity,expression,classical_frozen,recall50,1,0.011111111111111112,0.019245008972987525,3
real,low_source_sensitivity,expression,classical_frozen,self_is_top,1,,,0
real,low_source_sensitivity,expression,classical_frozen,self_nes,1,,,0
real,low_source_sensitivity,expression,classical_frozen,self_rank,-1,,,0
real,low_source_sensitivity,expression,published_modules,own_nes,1,1.127973261655229,0.002483888180017492,3
real,low_source_sensitivity,expression,published_modules,positive_fdr25,1,0.8000000000000002,0.0,3
real,low_source_sensitivity,expression,published_modules,recall50,1,0.04971139971139967,0.0027492869961410725,3
real,low_source_sensitivity,expression,published_modules,self_is_top,1,0.0,0.0,3
real,low_source_sensitivity,expression,published_modules,self_nes,1,1.1022212538153349,0.0019399819758084689,3
real,low_source_sensitivity,expression,published_modules,self_rank,-1,2.5,0.0,3
real,primary,drift,classical_frozen,own_nes,1,1.4380360879500624,0.010331825554338826,3
real,primary,drift,classical_frozen,positive_fdr25,1,1.0,0.0,3
real,primary,drift,classical_frozen,recall50,1,0.9466666666666667,0.023094010767585042,3
real,primary,drift,classical_frozen,self_is_top,1,,,0
real,primary,drift,classical_frozen,self_nes,1,,,0
real,primary,drift,classical_frozen,self_rank,-1,,,0
real,primary,drift,published_modules,own_nes,1,1.6216772099729475,0.0438707544638723,3
real,primary,drift,published_modules,positive_fdr25,1,0.9481481481481482,0.05592469952052399,3
real,primary,drift,published_modules,recall50,1,0.5025988446420387,0.01667999254035978,3
real,primary,drift,published_modules,self_is_top,1,0.637037037037037,0.17261007700342285,3
real,primary,drift,published_modules,self_nes,1,1.4496289561638163,0.10063353556271812,3
real,primary,drift,published_modules,self_rank,-1,1.614814814814815,0.3401766667616306,3
real,primary,expression,classical_frozen,own_nes,1,1.3370508478687928,0.0019634077071749496,3
real,primary,expression,classical_frozen,positive_fdr25,1,1.0,0.0,3
real,primary,expression,classical_frozen,recall50,1,0.7666666666666666,0.0,3
real,primary,expression,classical_frozen,self_is_top,1,,,0
real,primary,expression,classical_frozen,self_nes,1,,,0
real,primary,expression,classical_frozen,self_rank,-1,,,0
real,primary,expression,published_modules,own_nes,1,1.2689245818212704,0.0008200776514652258,3
real,primary,expression,published_modules,positive_fdr25,1,1.0,0.0,3
real,primary,expression,published_modules,recall50,1,0.4121765702328363,0.001945329705300799,3
real,primary,expression,published_modules,self_is_top,1,0.5555555555555555,0.044444444444444425,3
real,primary,expression,published_modules,self_nes,1,1.2471616427090046,0.0017958490240853242,3
real,primary,expression,published_modules,self_rank,-1,1.548148148148148,0.055924699520524236,3
shuffle,low_source_sensitivity,drift,classical_frozen,own_nes,1,1.3946927657006303,0.05024221577518422,3
shuffle,low_source_sensitivity,drift,classical_frozen,positive_fdr25,1,1.0,0.0,3
shuffle,low_source_sensitivity,drift,classical_frozen,recall50,1,0.5666666666666665,0.049999999999999975,3
shuffle,low_source_sensitivity,drift,classical_frozen,self_is_top,1,,,0
shuffle,low_source_sensitivity,drift,classical_frozen,self_nes,1,,,0
shuffle,low_source_sensitivity,drift,classical_frozen,self_rank,-1,,,0
shuffle,low_source_sensitivity,drift,published_modules,own_nes,1,1.608693194528284,0.062286530459929594,3
shuffle,low_source_sensitivity,drift,published_modules,positive_fdr25,1,1.0,0.0,3
shuffle,low_source_sensitivity,drift,published_modules,recall50,1,0.14502164502164497,0.02058326615842994,3
shuffle,low_source_sensitivity,drift,published_modules,self_is_top,1,0.4666666666666666,0.2516611478423583,3
shuffle,low_source_sensitivity,drift,published_modules,self_nes,1,1.2175280765056755,0.24007821296848406,3
shuffle,low_source_sensitivity,drift,published_modules,self_rank,-1,3.0,0.9848857801796106,3
shuffle,low_source_sensitivity,expression,classical_frozen,own_nes,1,1.2897133508757765,0.004193327578881383,3
shuffle,low_source_sensitivity,expression,classical_frozen,positive_fdr25,1,1.0,0.0,3
shuffle,low_source_sensitivity,expression,classical_frozen,recall50,1,0.0,0.0,3
shuffle,low_source_sensitivity,expression,classical_frozen,self_is_top,1,,,0
shuffle,low_source_sensitivity,expression,classical_frozen,self_nes,1,,,0
shuffle,low_source_sensitivity,expression,classical_frozen,self_rank,-1,,,0
shuffle,low_source_sensitivity,expression,published_modules,own_nes,1,1.125925573392573,0.0024865872193912428,3
shuffle,low_source_sensitivity,expression,published_modules,positive_fdr25,1,0.5666666666666667,0.11547005383792512,3
shuffle,low_source_sensitivity,expression,published_modules,recall50,1,0.054473304473304424,0.009912695235553002,3
shuffle,low_source_sensitivity,expression,published_modules,self_is_top,1,0.0,0.0,3
shuffle,low_source_sensitivity,expression,published_modules,self_nes,1,1.1053364015132676,0.0026189813642875487,3
shuffle,low_source_sensitivity,expression,published_modules,self_rank,-1,2.5,0.0,3
shuffle,primary,drift,classical_frozen,own_nes,1,1.4375222828091208,0.026384669085303073,3
shuffle,primary,drift,classical_frozen,positive_fdr25,1,1.0,0.0,3
shuffle,primary,drift,classical_frozen,recall50,1,0.7422222222222222,0.10463339881772056,3
shuffle,primary,drift,classical_frozen,self_is_top,1,,,0
shuffle,primary,drift,classical_frozen,self_nes,1,,,0
shuffle,primary,drift,classical_frozen,self_rank,-1,,,0
shuffle,primary,drift,published_modules,own_nes,1,0.7114877849167618,0.3360787830960043,3
shuffle,primary,drift,published_modules,positive_fdr25,1,0.6074074074074075,0.1576577529910575,3
shuffle,primary,drift,published_modules,recall50,1,0.29923124668791046,0.0663160006248503,3
shuffle,primary,drift,published_modules,self_is_top,1,0.21481481481481482,0.10501812502783572,3
shuffle,primary,drift,published_modules,self_nes,1,0.3619966607653389,0.31197555692226553,3
shuffle,primary,drift,published_modules,self_rank,-1,3.3555555555555556,0.5501963734728865,3
shuffle,primary,expression,classical_frozen,own_nes,1,1.3373879235094863,0.00465922590496169,3
shuffle,primary,expression,classical_frozen,positive_fdr25,1,1.0,0.0,3
shuffle,primary,expression,classical_frozen,recall50,1,0.7666666666666666,0.0,3
shuffle,primary,expression,classical_frozen,self_is_top,1,,,0
shuffle,primary,expression,classical_frozen,self_nes,1,,,0
shuffle,primary,expression,classical_frozen,self_rank,-1,,,0
shuffle,primary,expression,published_modules,own_nes,1,1.2688465157489892,0.003175892420041213,3
shuffle,primary,expression,published_modules,positive_fdr25,1,1.0,0.0,3
shuffle,primary,expression,published_modules,recall50,1,0.42185128186833215,0.0028230417058018546,3
shuffle,primary,expression,published_modules,self_is_top,1,0.6518518518518518,0.025660011963983334,3
shuffle,primary,expression,published_modules,self_nes,1,1.2479342496300903,0.0038854423355914034,3
shuffle,primary,expression,published_modules,self_rank,-1,1.4518518518518517,0.012830005981991624,3
