tag,condition,seed,analysis_role,readout,panel,metric,direction,model_mean,simulation_sd,n_simulations
artemis_ref,artemis,0,low_source_sensitivity,drift,classical_frozen,own_nes,1,1.2818908179610982,0.04211915138268748,5
artemis_ref,artemis,0,low_source_sensitivity,drift,classical_frozen,positive_fdr25,1,1.0,0.0,5
artemis_ref,artemis,0,low_source_sensitivity,drift,classical_frozen,recall50,1,0.41666666666666663,0.0,5
artemis_ref,artemis,0,low_source_sensitivity,drift,classical_frozen,self_is_top,1,,,0
artemis_ref,artemis,0,low_source_sensitivity,drift,classical_frozen,self_nes,1,,,0
artemis_ref,artemis,0,low_source_sensitivity,drift,classical_frozen,self_rank,-1,,,0
artemis_ref,artemis,0,low_source_sensitivity,drift,published_modules,own_nes,1,1.2851362088854175,0.21811712514709272,5
artemis_ref,artemis,0,low_source_sensitivity,drift,published_modules,positive_fdr25,1,0.6,0.4183300132670378,5
artemis_ref,artemis,0,low_source_sensitivity,drift,published_modules,recall50,1,0.0922077922077922,0.051303724159086087,5
artemis_ref,artemis,0,low_source_sensitivity,drift,published_modules,self_is_top,1,0.3,0.4472135954999579,5
artemis_ref,artemis,0,low_source_sensitivity,drift,published_modules,self_nes,1,0.8989237422993372,0.5265378721218148,5
artemis_ref,artemis,0,low_source_sensitivity,drift,published_modules,self_rank,-1,2.6,1.2942179105544784,5
artemis_ref,artemis,0,low_source_sensitivity,expression,classical_frozen,own_nes,1,1.1372025110217794,0.025241514284443888,5
artemis_ref,artemis,0,low_source_sensitivity,expression,classical_frozen,positive_fdr25,1,0.0,0.0,5
artemis_ref,artemis,0,low_source_sensitivity,expression,classical_frozen,recall50,1,0.0,0.0,5
artemis_ref,artemis,0,low_source_sensitivity,expression,classical_frozen,self_is_top,1,,,0
artemis_ref,artemis,0,low_source_sensitivity,expression,classical_frozen,self_nes,1,,,0
artemis_ref,artemis,0,low_source_sensitivity,expression,classical_frozen,self_rank,-1,,,0
artemis_ref,artemis,0,low_source_sensitivity,expression,published_modules,own_nes,1,1.0757340104100854,0.014170372020281347,5
artemis_ref,artemis,0,low_source_sensitivity,expression,published_modules,positive_fdr25,1,0.0,0.0,5
artemis_ref,artemis,0,low_source_sensitivity,expression,published_modules,recall50,1,0.02748917748917747,0.019278048335274328,5
artemis_ref,artemis,0,low_source_sensitivity,expression,published_modules,self_is_top,1,0.0,0.0,5
artemis_ref,artemis,0,low_source_sensitivity,expression,published_modules,self_nes,1,1.0206233931731454,0.023560251315126922,5
artemis_ref,artemis,0,low_source_sensitivity,expression,published_modules,self_rank,-1,4.3,0.6708203932499368,5
artemis_ref,artemis,0,primary,drift,classical_frozen,own_nes,1,1.468851639310968,0.011733247915334418,5
artemis_ref,artemis,0,primary,drift,classical_frozen,positive_fdr25,1,1.0,0.0,5
artemis_ref,artemis,0,primary,drift,classical_frozen,recall50,1,0.5,0.0,5
artemis_ref,artemis,0,primary,drift,classical_frozen,self_is_top,1,,,0
artemis_ref,artemis,0,primary,drift,classical_frozen,self_nes,1,,,0
artemis_ref,artemis,0,primary,drift,classical_frozen,self_rank,-1,,,0
artemis_ref,artemis,0,primary,drift,published_modules,own_nes,1,0.2214869974644816,0.015534453585056611,5
artemis_ref,artemis,0,primary,drift,published_modules,positive_fdr25,1,0.4444444444444445,0.0,5
artemis_ref,artemis,0,primary,drift,published_modules,recall50,1,0.25624605573454673,0.0069636770430808,5
artemis_ref,artemis,0,primary,drift,published_modules,self_is_top,1,0.24444444444444446,0.04969039949999532,5
artemis_ref,artemis,0,primary,drift,published_modules,self_nes,1,0.10036015983300202,0.011282544171346666,5
artemis_ref,artemis,0,primary,drift,published_modules,self_rank,-1,3.3555555555555556,0.09296222517045291,5
artemis_ref,artemis,0,primary,expression,classical_frozen,own_nes,1,1.3161557249759472,0.006241413809529782,5
artemis_ref,artemis,0,primary,expression,classical_frozen,positive_fdr25,1,1.0,0.0,5
artemis_ref,artemis,0,primary,expression,classical_frozen,recall50,1,0.7,0.0,5
artemis_ref,artemis,0,primary,expression,classical_frozen,self_is_top,1,,,0
artemis_ref,artemis,0,primary,expression,classical_frozen,self_nes,1,,,0
artemis_ref,artemis,0,primary,expression,classical_frozen,self_rank,-1,,,0
artemis_ref,artemis,0,primary,expression,published_modules,own_nes,1,1.3106964308895919,0.004698054703029927,5
artemis_ref,artemis,0,primary,expression,published_modules,positive_fdr25,1,1.0,0.0,5
artemis_ref,artemis,0,primary,expression,published_modules,recall50,1,0.3227573301315841,0.003548666900669909,5
artemis_ref,artemis,0,primary,expression,published_modules,self_is_top,1,0.6888888888888889,0.09296222517045284,5
artemis_ref,artemis,0,primary,expression,published_modules,self_nes,1,1.2799615678962013,0.005505269836708344,5
artemis_ref,artemis,0,primary,expression,published_modules,self_rank,-1,1.4222222222222223,0.09296222517045288,5
nogrn_s0,nogrn,0,low_source_sensitivity,drift,classical_frozen,own_nes,1,1.438634674213962,0.031096582814746778,5
nogrn_s0,nogrn,0,low_source_sensitivity,drift,classical_frozen,positive_fdr25,1,1.0,0.0,5
nogrn_s0,nogrn,0,low_source_sensitivity,drift,classical_frozen,recall50,1,0.5333333333333333,0.12638125740085918,5
nogrn_s0,nogrn,0,low_source_sensitivity,drift,classical_frozen,self_is_top,1,,,0
nogrn_s0,nogrn,0,low_source_sensitivity,drift,classical_frozen,self_nes,1,,,0
nogrn_s0,nogrn,0,low_source_sensitivity,drift,classical_frozen,self_rank,-1,,,0
nogrn_s0,nogrn,0,low_source_sensitivity,drift,published_modules,own_nes,1,1.6403588154346935,0.04474720494731145,5
nogrn_s0,nogrn,0,low_source_sensitivity,drift,published_modules,positive_fdr25,1,1.0,0.0,5
nogrn_s0,nogrn,0,low_source_sensitivity,drift,published_modules,recall50,1,0.14870129870129864,0.025913077843162213,5
nogrn_s0,nogrn,0,low_source_sensitivity,drift,published_modules,self_is_top,1,0.1,0.22360679774997896,5
nogrn_s0,nogrn,0,low_source_sensitivity,drift,published_modules,self_nes,1,1.0723322637505661,0.04176815714880703,5
nogrn_s0,nogrn,0,low_source_sensitivity,drift,published_modules,self_rank,-1,3.0,0.5,5
nogrn_s0,nogrn,0,low_source_sensitivity,expression,classical_frozen,own_nes,1,1.2512542102608868,0.015140957520319546,5
nogrn_s0,nogrn,0,low_source_sensitivity,expression,classical_frozen,positive_fdr25,1,1.0,0.0,5
nogrn_s0,nogrn,0,low_source_sensitivity,expression,classical_frozen,recall50,1,0.3666666666666666,0.11180339887498947,5
nogrn_s0,nogrn,0,low_source_sensitivity,expression,classical_frozen,self_is_top,1,,,0
nogrn_s0,nogrn,0,low_source_sensitivity,expression,classical_frozen,self_nes,1,,,0
nogrn_s0,nogrn,0,low_source_sensitivity,expression,classical_frozen,self_rank,-1,,,0
nogrn_s0,nogrn,0,low_source_sensitivity,expression,published_modules,own_nes,1,1.144742646310591,0.004447491744420783,5
nogrn_s0,nogrn,0,low_source_sensitivity,expression,published_modules,positive_fdr25,1,0.6,0.22360679774997896,5
nogrn_s0,nogrn,0,low_source_sensitivity,expression,published_modules,recall50,1,0.0703463203463203,0.0,5
nogrn_s0,nogrn,0,low_source_sensitivity,expression,published_modules,self_is_top,1,0.5,0.0,5
nogrn_s0,nogrn,0,low_source_sensitivity,expression,published_modules,self_nes,1,1.1162912422604665,0.007965662345222493,5
nogrn_s0,nogrn,0,low_source_sensitivity,expression,published_modules,self_rank,-1,2.3,0.4472135954999579,5
nogrn_s0,nogrn,0,primary,drift,classical_frozen,own_nes,1,-0.11007326882963406,0.02827428572209935,5
nogrn_s0,nogrn,0,primary,drift,classical_frozen,positive_fdr25,1,0.0,0.0,5
nogrn_s0,nogrn,0,primary,drift,classical_frozen,recall50,1,0.6333333333333333,0.0,5
nogrn_s0,nogrn,0,primary,drift,classical_frozen,self_is_top,1,,,0
nogrn_s0,nogrn,0,primary,drift,classical_frozen,self_nes,1,,,0
nogrn_s0,nogrn,0,primary,drift,classical_frozen,self_rank,-1,,,0
nogrn_s0,nogrn,0,primary,drift,published_modules,own_nes,1,0.8342054035475183,0.007669918677743583,5
nogrn_s0,nogrn,0,primary,drift,published_modules,positive_fdr25,1,0.5555555555555556,0.0,5
nogrn_s0,nogrn,0,primary,drift,published_modules,recall50,1,0.29307439269076097,0.006144585034518343,5
nogrn_s0,nogrn,0,primary,drift,published_modules,self_is_top,1,0.5333333333333334,0.04969039949999535,5
nogrn_s0,nogrn,0,primary,drift,published_modules,self_nes,1,0.7212713814063194,0.07811685289804533,5
nogrn_s0,nogrn,0,primary,drift,published_modules,self_rank,-1,2.5555555555555554,0.1111111111111109,5
nogrn_s0,nogrn,0,primary,expression,classical_frozen,own_nes,1,1.3418960743347328,0.007964033215428105,5
nogrn_s0,nogrn,0,primary,expression,classical_frozen,positive_fdr25,1,1.0,0.0,5
nogrn_s0,nogrn,0,primary,expression,classical_frozen,recall50,1,0.6866666666666666,0.04472135954999578,5
nogrn_s0,nogrn,0,primary,expression,classical_frozen,self_is_top,1,,,0
nogrn_s0,nogrn,0,primary,expression,classical_frozen,self_nes,1,,,0
nogrn_s0,nogrn,0,primary,expression,classical_frozen,self_rank,-1,,,0
nogrn_s0,nogrn,0,primary,expression,published_modules,own_nes,1,1.30673276725468,0.002208627404493047,5
nogrn_s0,nogrn,0,primary,expression,published_modules,positive_fdr25,1,1.0,0.0,5
nogrn_s0,nogrn,0,primary,expression,published_modules,recall50,1,0.4669728995389694,0.0035364768009394664,5
nogrn_s0,nogrn,0,primary,expression,published_modules,self_is_top,1,0.888888888888889,0.07856742013183861,5
nogrn_s0,nogrn,0,primary,expression,published_modules,self_nes,1,1.2848835137773142,0.001490931228114481,5
nogrn_s0,nogrn,0,primary,expression,published_modules,self_rank,-1,1.1111111111111112,0.07856742013183862,5
nogrn_s1,nogrn,1,low_source_sensitivity,drift,classical_frozen,own_nes,1,1.4460496461696846,0.015117690536150372,5
nogrn_s1,nogrn,1,low_source_sensitivity,drift,classical_frozen,positive_fdr25,1,1.0,0.0,5
nogrn_s1,nogrn,1,low_source_sensitivity,drift,classical_frozen,recall50,1,0.4,0.09128709291752769,5
nogrn_s1,nogrn,1,low_source_sensitivity,drift,classical_frozen,self_is_top,1,,,0
nogrn_s1,nogrn,1,low_source_sensitivity,drift,classical_frozen,self_nes,1,,,0
nogrn_s1,nogrn,1,low_source_sensitivity,drift,classical_frozen,self_rank,-1,,,0
nogrn_s1,nogrn,1,low_source_sensitivity,drift,published_modules,own_nes,1,1.6445142474432426,0.08273236400687096,5
nogrn_s1,nogrn,1,low_source_sensitivity,drift,published_modules,positive_fdr25,1,1.0,0.0,5
nogrn_s1,nogrn,1,low_source_sensitivity,drift,published_modules,recall50,1,0.14870129870129864,0.04128614119223851,5
nogrn_s1,nogrn,1,low_source_sensitivity,drift,published_modules,self_is_top,1,0.0,0.0,5
nogrn_s1,nogrn,1,low_source_sensitivity,drift,published_modules,self_nes,1,0.8757379029154789,0.39475298223875005,5
nogrn_s1,nogrn,1,low_source_sensitivity,drift,published_modules,self_rank,-1,4.0,0.3535533905932738,5
nogrn_s1,nogrn,1,low_source_sensitivity,expression,classical_frozen,own_nes,1,1.2331342197650874,0.022912084795515982,5
nogrn_s1,nogrn,1,low_source_sensitivity,expression,classical_frozen,positive_fdr25,1,1.0,0.0,5
nogrn_s1,nogrn,1,low_source_sensitivity,expression,classical_frozen,recall50,1,0.41666666666666663,0.0,5
nogrn_s1,nogrn,1,low_source_sensitivity,expression,classical_frozen,self_is_top,1,,,0
nogrn_s1,nogrn,1,low_source_sensitivity,expression,classical_frozen,self_nes,1,,,0
nogrn_s1,nogrn,1,low_source_sensitivity,expression,classical_frozen,self_rank,-1,,,0
nogrn_s1,nogrn,1,low_source_sensitivity,expression,published_modules,own_nes,1,1.1518689665847222,0.008432330914749354,5
nogrn_s1,nogrn,1,low_source_sensitivity,expression,published_modules,positive_fdr25,1,0.9,0.22360679774997896,5
nogrn_s1,nogrn,1,low_source_sensitivity,expression,published_modules,recall50,1,0.0703463203463203,0.0,5
nogrn_s1,nogrn,1,low_source_sensitivity,expression,published_modules,self_is_top,1,0.5,0.0,5
nogrn_s1,nogrn,1,low_source_sensitivity,expression,published_modules,self_nes,1,1.1217719224299039,0.007321499495372838,5
nogrn_s1,nogrn,1,low_source_sensitivity,expression,published_modules,self_rank,-1,2.4,0.22360679774997896,5
nogrn_s1,nogrn,1,primary,drift,classical_frozen,own_nes,1,-0.03315103732936946,0.06182051718243568,5
nogrn_s1,nogrn,1,primary,drift,classical_frozen,positive_fdr25,1,0.0,0.0,5
nogrn_s1,nogrn,1,primary,drift,classical_frozen,recall50,1,0.6133333333333333,0.04472135954999578,5
nogrn_s1,nogrn,1,primary,drift,classical_frozen,self_is_top,1,,,0
nogrn_s1,nogrn,1,primary,drift,classical_frozen,self_nes,1,,,0
nogrn_s1,nogrn,1,primary,drift,classical_frozen,self_rank,-1,,,0
nogrn_s1,nogrn,1,primary,drift,published_modules,own_nes,1,1.1698541098003479,0.13742814629856712,5
nogrn_s1,nogrn,1,primary,drift,published_modules,positive_fdr25,1,0.6666666666666666,0.0,5
nogrn_s1,nogrn,1,primary,drift,published_modules,recall50,1,0.3892998101011741,0.009128044663365148,5
nogrn_s1,nogrn,1,primary,drift,published_modules,self_is_top,1,0.5555555555555556,0.0,5
nogrn_s1,nogrn,1,primary,drift,published_modules,self_nes,1,0.9088696829596458,0.10292061256007042,5
nogrn_s1,nogrn,1,primary,drift,published_modules,self_rank,-1,2.3555555555555556,0.12171612389003711,5
nogrn_s1,nogrn,1,primary,expression,classical_frozen,own_nes,1,1.343350521640342,0.005612292978784665,5
nogrn_s1,nogrn,1,primary,expression,classical_frozen,positive_fdr25,1,1.0,0.0,5
nogrn_s1,nogrn,1,primary,expression,classical_frozen,recall50,1,0.6666666666666666,0.0,5
nogrn_s1,nogrn,1,primary,expression,classical_frozen,self_is_top,1,,,0
nogrn_s1,nogrn,1,primary,expression,classical_frozen,self_nes,1,,,0
nogrn_s1,nogrn,1,primary,expression,classical_frozen,self_rank,-1,,,0
nogrn_s1,nogrn,1,primary,expression,published_modules,own_nes,1,1.299609362641179,0.001727897010724765,5
nogrn_s1,nogrn,1,primary,expression,published_modules,positive_fdr25,1,1.0,0.0,5
nogrn_s1,nogrn,1,primary,expression,published_modules,recall50,1,0.44791679224756803,0.003657659987196689,5
nogrn_s1,nogrn,1,primary,expression,published_modules,self_is_top,1,0.7555555555555555,0.04969039949999535,5
nogrn_s1,nogrn,1,primary,expression,published_modules,self_nes,1,1.2740174140916127,0.002978724473986366,5
nogrn_s1,nogrn,1,primary,expression,published_modules,self_rank,-1,1.2888888888888888,0.060858061945018416,5
nogrn_s2,nogrn,2,low_source_sensitivity,drift,classical_frozen,own_nes,1,1.4841397272696444,0.01438819323796472,5
nogrn_s2,nogrn,2,low_source_sensitivity,drift,classical_frozen,positive_fdr25,1,1.0,0.0,5
nogrn_s2,nogrn,2,low_source_sensitivity,drift,classical_frozen,recall50,1,0.7666666666666666,0.149071198499986,5
nogrn_s2,nogrn,2,low_source_sensitivity,drift,classical_frozen,self_is_top,1,,,0
nogrn_s2,nogrn,2,low_source_sensitivity,drift,classical_frozen,self_nes,1,,,0
nogrn_s2,nogrn,2,low_source_sensitivity,drift,classical_frozen,self_rank,-1,,,0
nogrn_s2,nogrn,2,low_source_sensitivity,drift,published_modules,own_nes,1,1.6955653188581707,0.05333085527354226,5
nogrn_s2,nogrn,2,low_source_sensitivity,drift,published_modules,positive_fdr25,1,1.0,0.0,5
nogrn_s2,nogrn,2,low_source_sensitivity,drift,published_modules,recall50,1,0.18701298701298696,0.016473695934619358,5
nogrn_s2,nogrn,2,low_source_sensitivity,drift,published_modules,self_is_top,1,0.4,0.22360679774997896,5
nogrn_s2,nogrn,2,low_source_sensitivity,drift,published_modules,self_nes,1,0.8378935663134743,0.26386392833801364,5
nogrn_s2,nogrn,2,low_source_sensitivity,drift,published_modules,self_rank,-1,3.2,0.4472135954999579,5
nogrn_s2,nogrn,2,low_source_sensitivity,expression,classical_frozen,own_nes,1,1.199731612354248,0.01948489040416883,5
nogrn_s2,nogrn,2,low_source_sensitivity,expression,classical_frozen,positive_fdr25,1,1.0,0.0,5
nogrn_s2,nogrn,2,low_source_sensitivity,expression,classical_frozen,recall50,1,0.26666666666666666,0.13693063937629152,5
nogrn_s2,nogrn,2,low_source_sensitivity,expression,classical_frozen,self_is_top,1,,,0
nogrn_s2,nogrn,2,low_source_sensitivity,expression,classical_frozen,self_nes,1,,,0
nogrn_s2,nogrn,2,low_source_sensitivity,expression,classical_frozen,self_rank,-1,,,0
nogrn_s2,nogrn,2,low_source_sensitivity,expression,published_modules,own_nes,1,1.1366837611301797,0.005356890254723187,5
nogrn_s2,nogrn,2,low_source_sensitivity,expression,published_modules,positive_fdr25,1,0.5,0.0,5
nogrn_s2,nogrn,2,low_source_sensitivity,expression,published_modules,recall50,1,0.0703463203463203,0.0,5
nogrn_s2,nogrn,2,low_source_sensitivity,expression,published_modules,self_is_top,1,0.2,0.27386127875258304,5
nogrn_s2,nogrn,2,low_source_sensitivity,expression,published_modules,self_nes,1,1.0934566023557024,0.011527893821172388,5
nogrn_s2,nogrn,2,low_source_sensitivity,expression,published_modules,self_rank,-1,3.0,0.3535533905932738,5
nogrn_s2,nogrn,2,primary,drift,classical_frozen,own_nes,1,0.13428721933581161,0.02848081404096287,5
nogrn_s2,nogrn,2,primary,drift,classical_frozen,positive_fdr25,1,0.5,0.0,5
nogrn_s2,nogrn,2,primary,drift,classical_frozen,recall50,1,0.5333333333333333,0.0,5
nogrn_s2,nogrn,2,primary,drift,classical_frozen,self_is_top,1,,,0
nogrn_s2,nogrn,2,primary,drift,classical_frozen,self_nes,1,,,0
nogrn_s2,nogrn,2,primary,drift,classical_frozen,self_rank,-1,,,0
nogrn_s2,nogrn,2,primary,drift,published_modules,own_nes,1,1.315376596110702,0.09920003940300805,5
nogrn_s2,nogrn,2,primary,drift,published_modules,positive_fdr25,1,0.6666666666666666,0.0,5
nogrn_s2,nogrn,2,primary,drift,published_modules,recall50,1,0.4138525268107536,0.00330309707772846,5
nogrn_s2,nogrn,2,primary,drift,published_modules,self_is_top,1,0.6444444444444444,0.0496903994999953,5
nogrn_s2,nogrn,2,primary,drift,published_modules,self_nes,1,0.8790869229758226,0.010672384690130382,5
nogrn_s2,nogrn,2,primary,drift,published_modules,self_rank,-1,2.2,0.09296222517045277,5
nogrn_s2,nogrn,2,primary,expression,classical_frozen,own_nes,1,1.3422811116814684,0.007088029472220858,5
nogrn_s2,nogrn,2,primary,expression,classical_frozen,positive_fdr25,1,1.0,0.0,5
nogrn_s2,nogrn,2,primary,expression,classical_frozen,recall50,1,0.6666666666666666,0.0,5
nogrn_s2,nogrn,2,primary,expression,classical_frozen,self_is_top,1,,,0
nogrn_s2,nogrn,2,primary,expression,classical_frozen,self_nes,1,,,0
nogrn_s2,nogrn,2,primary,expression,classical_frozen,self_rank,-1,,,0
nogrn_s2,nogrn,2,primary,expression,published_modules,own_nes,1,1.2959287431265814,0.0013381056173675356,5
nogrn_s2,nogrn,2,primary,expression,published_modules,positive_fdr25,1,1.0,0.0,5
nogrn_s2,nogrn,2,primary,expression,published_modules,recall50,1,0.43108177541255116,0.0023662094999997766,5
nogrn_s2,nogrn,2,primary,expression,published_modules,self_is_top,1,0.6888888888888889,0.049690399499995354,5
nogrn_s2,nogrn,2,primary,expression,published_modules,self_nes,1,1.270196401514822,0.0007023942919901668,5
nogrn_s2,nogrn,2,primary,expression,published_modules,self_rank,-1,1.4222222222222223,0.04969039949999531,5
real_s0,real,0,low_source_sensitivity,drift,classical_frozen,own_nes,1,1.3082524510063418,0.016167342235315782,5
real_s0,real,0,low_source_sensitivity,drift,classical_frozen,positive_fdr25,1,1.0,0.0,5
real_s0,real,0,low_source_sensitivity,drift,classical_frozen,recall50,1,0.41666666666666663,0.0,5
real_s0,real,0,low_source_sensitivity,drift,classical_frozen,self_is_top,1,,,0
real_s0,real,0,low_source_sensitivity,drift,classical_frozen,self_nes,1,,,0
real_s0,real,0,low_source_sensitivity,drift,classical_frozen,self_rank,-1,,,0
real_s0,real,0,low_source_sensitivity,drift,published_modules,own_nes,1,1.4485275155034145,0.03163405804234818,5
real_s0,real,0,low_source_sensitivity,drift,published_modules,positive_fdr25,1,1.0,0.0,5
real_s0,real,0,low_source_sensitivity,drift,published_modules,recall50,1,0.09870129870129865,0.010163945352271777,5
real_s0,real,0,low_source_sensitivity,drift,published_modules,self_is_top,1,0.4,0.22360679774997896,5
real_s0,real,0,low_source_sensitivity,drift,published_modules,self_nes,1,1.2904863091738914,0.04476637114194596,5
real_s0,real,0,low_source_sensitivity,drift,published_modules,self_rank,-1,1.8,0.2738612787525831,5
real_s0,real,0,low_source_sensitivity,expression,classical_frozen,own_nes,1,1.28788559267637,0.008028380391020938,5
real_s0,real,0,low_source_sensitivity,expression,classical_frozen,positive_fdr25,1,1.0,0.0,5
real_s0,real,0,low_source_sensitivity,expression,classical_frozen,recall50,1,0.03333333333333333,0.07453559924999298,5
real_s0,real,0,low_source_sensitivity,expression,classical_frozen,self_is_top,1,,,0
real_s0,real,0,low_source_sensitivity,expression,classical_frozen,self_nes,1,,,0
real_s0,real,0,low_source_sensitivity,expression,classical_frozen,self_rank,-1,,,0
real_s0,real,0,low_source_sensitivity,expression,published_modules,own_nes,1,1.129075900698617,0.0030713282323468717,5
real_s0,real,0,low_source_sensitivity,expression,published_modules,positive_fdr25,1,0.8,0.2738612787525831,5
real_s0,real,0,low_source_sensitivity,expression,published_modules,recall50,1,0.0465367965367965,0.0,5
real_s0,real,0,low_source_sensitivity,expression,published_modules,self_is_top,1,0.0,0.0,5
real_s0,real,0,low_source_sensitivity,expression,published_modules,self_nes,1,1.1037237133946092,0.007128949626762158,5
real_s0,real,0,low_source_sensitivity,expression,published_modules,self_rank,-1,2.5,0.0,5
real_s0,real,0,primary,drift,classical_frozen,own_nes,1,1.4483432440163713,0.01930746012721706,5
real_s0,real,0,primary,drift,classical_frozen,positive_fdr25,1,1.0,0.0,5
real_s0,real,0,primary,drift,classical_frozen,recall50,1,0.9733333333333333,0.03651483716701115,5
real_s0,real,0,primary,drift,classical_frozen,self_is_top,1,,,0
real_s0,real,0,primary,drift,classical_frozen,self_nes,1,,,0
real_s0,real,0,primary,drift,classical_frozen,self_rank,-1,,,0
real_s0,real,0,primary,drift,published_modules,own_nes,1,1.6167467257364976,0.008773165628721985,5
real_s0,real,0,primary,drift,published_modules,positive_fdr25,1,0.888888888888889,0.0,5
real_s0,real,0,primary,drift,published_modules,recall50,1,0.49586021789772855,0.008197122007674777,5
real_s0,real,0,primary,drift,published_modules,self_is_top,1,0.4444444444444445,0.0,5
real_s0,real,0,primary,drift,published_modules,self_nes,1,1.4966454385951675,0.01892506530070181,5
real_s0,real,0,primary,drift,published_modules,self_rank,-1,1.8222222222222222,0.12668615834434868,5
real_s0,real,0,primary,expression,classical_frozen,own_nes,1,1.3352798915661623,0.011879895704081574,5
real_s0,real,0,primary,expression,classical_frozen,positive_fdr25,1,1.0,0.0,5
real_s0,real,0,primary,expression,classical_frozen,recall50,1,0.7666666666666666,0.0,5
real_s0,real,0,primary,expression,classical_frozen,self_is_top,1,,,0
real_s0,real,0,primary,expression,classical_frozen,self_nes,1,,,0
real_s0,real,0,primary,expression,classical_frozen,self_rank,-1,,,0
real_s0,real,0,primary,expression,published_modules,own_nes,1,1.268327779099194,0.001553951409609053,5
real_s0,real,0,primary,expression,published_modules,positive_fdr25,1,1.0,0.0,5
real_s0,real,0,primary,expression,published_modules,recall50,1,0.4141335819937696,0.0009743215588234299,5
real_s0,real,0,primary,expression,published_modules,self_is_top,1,0.5555555555555556,0.0,5
real_s0,real,0,primary,expression,published_modules,self_nes,1,1.2450884657015273,0.0018683353169000427,5
real_s0,real,0,primary,expression,published_modules,self_rank,-1,1.4888888888888887,0.060858061945018437,5
real_s1,real,1,low_source_sensitivity,drift,classical_frozen,own_nes,1,1.3059155784882566,0.013818644287223908,5
real_s1,real,1,low_source_sensitivity,drift,classical_frozen,positive_fdr25,1,1.0,0.0,5
real_s1,real,1,low_source_sensitivity,drift,classical_frozen,recall50,1,0.41666666666666663,0.0,5
real_s1,real,1,low_source_sensitivity,drift,classical_frozen,self_is_top,1,,,0
real_s1,real,1,low_source_sensitivity,drift,classical_frozen,self_nes,1,,,0
real_s1,real,1,low_source_sensitivity,drift,classical_frozen,self_rank,-1,,,0
real_s1,real,1,low_source_sensitivity,drift,published_modules,own_nes,1,1.5915573049325813,0.03635705100818239,5
real_s1,real,1,low_source_sensitivity,drift,published_modules,positive_fdr25,1,1.0,0.0,5
real_s1,real,1,low_source_sensitivity,drift,published_modules,recall50,1,0.14956709956709952,0.026723056278221777,5
real_s1,real,1,low_source_sensitivity,drift,published_modules,self_is_top,1,0.4,0.22360679774997896,5
real_s1,real,1,low_source_sensitivity,drift,published_modules,self_nes,1,1.3897793814951052,0.013983971915496,5
real_s1,real,1,low_source_sensitivity,drift,published_modules,self_rank,-1,1.8,0.27386127875258304,5
real_s1,real,1,low_source_sensitivity,expression,classical_frozen,own_nes,1,1.2880563219461085,0.004800091334808416,5
real_s1,real,1,low_source_sensitivity,expression,classical_frozen,positive_fdr25,1,1.0,0.0,5
real_s1,real,1,low_source_sensitivity,expression,classical_frozen,recall50,1,0.0,0.0,5
real_s1,real,1,low_source_sensitivity,expression,classical_frozen,self_is_top,1,,,0
real_s1,real,1,low_source_sensitivity,expression,classical_frozen,self_nes,1,,,0
real_s1,real,1,low_source_sensitivity,expression,classical_frozen,self_rank,-1,,,0
real_s1,real,1,low_source_sensitivity,expression,published_modules,own_nes,1,1.1297149403554767,0.003762306777689588,5
real_s1,real,1,low_source_sensitivity,expression,published_modules,positive_fdr25,1,0.8,0.2738612787525831,5
real_s1,real,1,low_source_sensitivity,expression,published_modules,recall50,1,0.05129870129870125,0.01064794274999899,5
real_s1,real,1,low_source_sensitivity,expression,published_modules,self_is_top,1,0.0,0.0,5
real_s1,real,1,low_source_sensitivity,expression,published_modules,self_nes,1,1.102908944272253,0.00789304353673085,5
real_s1,real,1,low_source_sensitivity,expression,published_modules,self_rank,-1,2.5,0.0,5
real_s1,real,1,primary,drift,classical_frozen,own_nes,1,1.4276797683652016,0.005077560079405704,5
real_s1,real,1,primary,drift,classical_frozen,positive_fdr25,1,1.0,0.0,5
real_s1,real,1,primary,drift,classical_frozen,recall50,1,0.9333333333333332,0.0,5
real_s1,real,1,primary,drift,classical_frozen,self_is_top,1,,,0
real_s1,real,1,primary,drift,classical_frozen,self_nes,1,,,0
real_s1,real,1,primary,drift,classical_frozen,self_rank,-1,,,0
real_s1,real,1,primary,drift,published_modules,own_nes,1,1.5804799871913875,0.00894890651468919,5
real_s1,real,1,primary,drift,published_modules,positive_fdr25,1,0.9555555555555555,0.060858061945018485,5
real_s1,real,1,primary,drift,published_modules,recall50,1,0.4903423673670903,0.01578406299046945,5
real_s1,real,1,primary,drift,published_modules,self_is_top,1,0.6888888888888889,0.09296222517045284,5
real_s1,real,1,primary,drift,published_modules,self_nes,1,1.334092478712246,0.10209627740860183,5
real_s1,real,1,primary,drift,published_modules,self_rank,-1,1.8,0.12171612389003685,5
real_s1,real,1,primary,expression,classical_frozen,own_nes,1,1.3367104568773267,0.009109764247791419,5
real_s1,real,1,primary,expression,classical_frozen,positive_fdr25,1,1.0,0.0,5
real_s1,real,1,primary,expression,classical_frozen,recall50,1,0.7666666666666666,0.0,5
real_s1,real,1,primary,expression,classical_frozen,self_is_top,1,,,0
real_s1,real,1,primary,expression,classical_frozen,self_nes,1,,,0
real_s1,real,1,primary,expression,classical_frozen,self_rank,-1,,,0
real_s1,real,1,primary,expression,published_modules,own_nes,1,1.2698596913082378,0.0016973754227727624,5
real_s1,real,1,primary,expression,published_modules,positive_fdr25,1,1.0,0.0,5
real_s1,real,1,primary,expression,published_modules,recall50,1,0.4121529917778853,0.00276627554295537,5
real_s1,real,1,primary,expression,published_modules,self_is_top,1,0.6,0.06085806194501846,5
real_s1,real,1,primary,expression,published_modules,self_nes,1,1.2481591602637094,0.0027325699327051998,5
real_s1,real,1,primary,expression,published_modules,self_rank,-1,1.5555555555555556,0.0,5
real_s2,real,2,low_source_sensitivity,drift,classical_frozen,own_nes,1,1.320356203206364,0.029008925315133594,5
real_s2,real,2,low_source_sensitivity,drift,classical_frozen,positive_fdr25,1,1.0,0.0,5
real_s2,real,2,low_source_sensitivity,drift,classical_frozen,recall50,1,0.3166666666666667,0.13693063937629152,5
real_s2,real,2,low_source_sensitivity,drift,classical_frozen,self_is_top,1,,,0
real_s2,real,2,low_source_sensitivity,drift,classical_frozen,self_nes,1,,,0
real_s2,real,2,low_source_sensitivity,drift,classical_frozen,self_rank,-1,,,0
real_s2,real,2,low_source_sensitivity,drift,published_modules,own_nes,1,1.501470131177328,0.039422255331908254,5
real_s2,real,2,low_source_sensitivity,drift,published_modules,positive_fdr25,1,1.0,0.0,5
real_s2,real,2,low_source_sensitivity,drift,published_modules,recall50,1,0.14956709956709952,0.012653547102219928,5
real_s2,real,2,low_source_sensitivity,drift,published_modules,self_is_top,1,0.5,0.0,5
real_s2,real,2,low_source_sensitivity,drift,published_modules,self_nes,1,0.8736144989718868,0.4702597034329241,5
real_s2,real,2,low_source_sensitivity,drift,published_modules,self_rank,-1,3.4,0.22360679774997894,5
real_s2,real,2,low_source_sensitivity,expression,classical_frozen,own_nes,1,1.2784078592267538,0.016095805320485157,5
real_s2,real,2,low_source_sensitivity,expression,classical_frozen,positive_fdr25,1,1.0,0.0,5
real_s2,real,2,low_source_sensitivity,expression,classical_frozen,recall50,1,0.0,0.0,5
real_s2,real,2,low_source_sensitivity,expression,classical_frozen,self_is_top,1,,,0
real_s2,real,2,low_source_sensitivity,expression,classical_frozen,self_nes,1,,,0
real_s2,real,2,low_source_sensitivity,expression,classical_frozen,self_rank,-1,,,0
real_s2,real,2,low_source_sensitivity,expression,published_modules,own_nes,1,1.1251289439115932,0.003470702134448782,5
real_s2,real,2,low_source_sensitivity,expression,published_modules,positive_fdr25,1,0.8,0.2738612787525831,5
real_s2,real,2,low_source_sensitivity,expression,published_modules,recall50,1,0.05129870129870125,0.01064794274999899,5
real_s2,real,2,low_source_sensitivity,expression,published_modules,self_is_top,1,0.0,0.0,5
real_s2,real,2,low_source_sensitivity,expression,published_modules,self_nes,1,1.1000311037791424,0.012548223507880766,5
real_s2,real,2,low_source_sensitivity,expression,published_modules,self_rank,-1,2.5,0.0,5
real_s2,real,2,primary,drift,classical_frozen,own_nes,1,1.438085251468614,0.00962456942039791,5
real_s2,real,2,primary,drift,classical_frozen,positive_fdr25,1,1.0,0.0,5
real_s2,real,2,primary,drift,classical_frozen,recall50,1,0.9333333333333332,0.0,5
real_s2,real,2,primary,drift,classical_frozen,self_is_top,1,,,0
real_s2,real,2,primary,drift,classical_frozen,self_nes,1,,,0
real_s2,real,2,primary,drift,classical_frozen,self_rank,-1,,,0
real_s2,real,2,primary,drift,published_modules,own_nes,1,1.6678049169909577,0.011169058839068853,5
real_s2,real,2,primary,drift,published_modules,positive_fdr25,1,1.0,0.0,5
real_s2,real,2,primary,drift,published_modules,recall50,1,0.5215939486612974,0.011640376107853685,5
real_s2,real,2,primary,drift,published_modules,self_is_top,1,0.7777777777777778,0.13608276348795428,5
real_s2,real,2,primary,drift,published_modules,self_nes,1,1.5181489511840358,0.015719652488676187,5
real_s2,real,2,primary,drift,published_modules,self_rank,-1,1.2222222222222223,0.1360827634879543,5
real_s2,real,2,primary,expression,classical_frozen,own_nes,1,1.3391621951628898,0.006496237675546355,5
real_s2,real,2,primary,expression,classical_frozen,positive_fdr25,1,1.0,0.0,5
real_s2,real,2,primary,expression,classical_frozen,recall50,1,0.7666666666666666,0.0,5
real_s2,real,2,primary,expression,classical_frozen,self_is_top,1,,,0
real_s2,real,2,primary,expression,classical_frozen,self_nes,1,,,0
real_s2,real,2,primary,expression,classical_frozen,self_rank,-1,,,0
real_s2,real,2,primary,expression,published_modules,own_nes,1,1.2685862750563792,0.001635204648314833,5
real_s2,real,2,primary,expression,published_modules,positive_fdr25,1,1.0,0.0,5
real_s2,real,2,primary,expression,published_modules,recall50,1,0.4102431369268539,0.0023662094999998035,5
real_s2,real,2,primary,expression,published_modules,self_is_top,1,0.5111111111111111,0.060858061945018485,5
real_s2,real,2,primary,expression,published_modules,self_nes,1,1.2482373021617774,0.0027368929801792237,5
real_s2,real,2,primary,expression,published_modules,self_rank,-1,1.6,0.06085806194501849,5
shuffle_s0,shuffle,0,low_source_sensitivity,drift,classical_frozen,own_nes,1,1.3474241744135873,0.01730947754620683,5
shuffle_s0,shuffle,0,low_source_sensitivity,drift,classical_frozen,positive_fdr25,1,1.0,0.0,5
shuffle_s0,shuffle,0,low_source_sensitivity,drift,classical_frozen,recall50,1,0.5166666666666666,0.13693063937629152,5
shuffle_s0,shuffle,0,low_source_sensitivity,drift,classical_frozen,self_is_top,1,,,0
shuffle_s0,shuffle,0,low_source_sensitivity,drift,classical_frozen,self_nes,1,,,0
shuffle_s0,shuffle,0,low_source_sensitivity,drift,classical_frozen,self_rank,-1,,,0
shuffle_s0,shuffle,0,low_source_sensitivity,drift,published_modules,own_nes,1,1.6607888048353974,0.06334312040932154,5
shuffle_s0,shuffle,0,low_source_sensitivity,drift,published_modules,positive_fdr25,1,1.0,0.0,5
shuffle_s0,shuffle,0,low_source_sensitivity,drift,published_modules,recall50,1,0.12142857142857137,0.03734471982989768,5
shuffle_s0,shuffle,0,low_source_sensitivity,drift,published_modules,self_is_top,1,0.7,0.2738612787525831,5
shuffle_s0,shuffle,0,low_source_sensitivity,drift,published_modules,self_nes,1,1.46871299068298,0.09320036016925601,5
shuffle_s0,shuffle,0,low_source_sensitivity,drift,published_modules,self_rank,-1,1.9,1.02469507659596,5
shuffle_s0,shuffle,0,low_source_sensitivity,expression,classical_frozen,own_nes,1,1.2870126509653983,0.011733517550828998,5
shuffle_s0,shuffle,0,low_source_sensitivity,expression,classical_frozen,positive_fdr25,1,1.0,0.0,5
shuffle_s0,shuffle,0,low_source_sensitivity,expression,classical_frozen,recall50,1,0.0,0.0,5
shuffle_s0,shuffle,0,low_source_sensitivity,expression,classical_frozen,self_is_top,1,,,0
shuffle_s0,shuffle,0,low_source_sensitivity,expression,classical_frozen,self_nes,1,,,0
shuffle_s0,shuffle,0,low_source_sensitivity,expression,classical_frozen,self_rank,-1,,,0
shuffle_s0,shuffle,0,low_source_sensitivity,expression,published_modules,own_nes,1,1.1242273783995607,0.00203804373562864,5
shuffle_s0,shuffle,0,low_source_sensitivity,expression,published_modules,positive_fdr25,1,0.5,0.0,5
shuffle_s0,shuffle,0,low_source_sensitivity,expression,published_modules,recall50,1,0.0465367965367965,0.0,5
shuffle_s0,shuffle,0,low_source_sensitivity,expression,published_modules,self_is_top,1,0.0,0.0,5
shuffle_s0,shuffle,0,low_source_sensitivity,expression,published_modules,self_nes,1,1.1042296672482874,0.00516529166798659,5
shuffle_s0,shuffle,0,low_source_sensitivity,expression,published_modules,self_rank,-1,2.5,0.0,5
shuffle_s0,shuffle,0,primary,drift,classical_frozen,own_nes,1,1.4392664502673436,0.007140012932605049,5
shuffle_s0,shuffle,0,primary,drift,classical_frozen,positive_fdr25,1,1.0,0.0,5
shuffle_s0,shuffle,0,primary,drift,classical_frozen,recall50,1,0.6599999999999999,0.05477225575051663,5
shuffle_s0,shuffle,0,primary,drift,classical_frozen,self_is_top,1,,,0
shuffle_s0,shuffle,0,primary,drift,classical_frozen,self_nes,1,,,0
shuffle_s0,shuffle,0,primary,drift,classical_frozen,self_rank,-1,,,0
shuffle_s0,shuffle,0,primary,drift,published_modules,own_nes,1,0.3529208666962761,0.027892207350274978,5
shuffle_s0,shuffle,0,primary,drift,published_modules,positive_fdr25,1,0.4666666666666666,0.04969039949999535,5
shuffle_s0,shuffle,0,primary,drift,published_modules,recall50,1,0.22342490795176212,0.0059192070125757106,5
shuffle_s0,shuffle,0,primary,drift,published_modules,self_is_top,1,0.13333333333333336,0.049690399499995326,5
shuffle_s0,shuffle,0,primary,drift,published_modules,self_nes,1,0.06200029929283846,0.11759957543130019,5
shuffle_s0,shuffle,0,primary,drift,published_modules,self_rank,-1,3.7777777777777777,0.15713484026367733,5
shuffle_s0,shuffle,0,primary,expression,classical_frozen,own_nes,1,1.3332186728535258,0.003389963091987082,5
shuffle_s0,shuffle,0,primary,expression,classical_frozen,positive_fdr25,1,1.0,0.0,5
shuffle_s0,shuffle,0,primary,expression,classical_frozen,recall50,1,0.7666666666666666,0.0,5
shuffle_s0,shuffle,0,primary,expression,classical_frozen,self_is_top,1,,,0
shuffle_s0,shuffle,0,primary,expression,classical_frozen,self_nes,1,,,0
shuffle_s0,shuffle,0,primary,expression,classical_frozen,self_rank,-1,,,0
shuffle_s0,shuffle,0,primary,expression,published_modules,own_nes,1,1.2663224318646642,0.001025618424676425,5
shuffle_s0,shuffle,0,primary,expression,published_modules,positive_fdr25,1,1.0,0.0,5
shuffle_s0,shuffle,0,primary,expression,published_modules,recall50,1,0.41977826410903984,0.0027662755429554023,5
shuffle_s0,shuffle,0,primary,expression,published_modules,self_is_top,1,0.6666666666666666,0.0785674201318386,5
shuffle_s0,shuffle,0,primary,expression,published_modules,self_nes,1,1.2448833368353627,0.00237800683764106,5
shuffle_s0,shuffle,0,primary,expression,published_modules,self_rank,-1,1.4444444444444444,0.07856742013183865,5
shuffle_s1,shuffle,1,low_source_sensitivity,drift,classical_frozen,own_nes,1,1.3891973436266043,0.023061131202092484,5
shuffle_s1,shuffle,1,low_source_sensitivity,drift,classical_frozen,positive_fdr25,1,1.0,0.0,5
shuffle_s1,shuffle,1,low_source_sensitivity,drift,classical_frozen,recall50,1,0.5666666666666667,0.13693063937629152,5
shuffle_s1,shuffle,1,low_source_sensitivity,drift,classical_frozen,self_is_top,1,,,0
shuffle_s1,shuffle,1,low_source_sensitivity,drift,classical_frozen,self_nes,1,,,0
shuffle_s1,shuffle,1,low_source_sensitivity,drift,classical_frozen,self_rank,-1,,,0
shuffle_s1,shuffle,1,low_source_sensitivity,drift,published_modules,own_nes,1,1.6255889269186095,0.04488942921963084,5
shuffle_s1,shuffle,1,low_source_sensitivity,drift,published_modules,positive_fdr25,1,1.0,0.0,5
shuffle_s1,shuffle,1,low_source_sensitivity,drift,published_modules,recall50,1,0.15432900432900426,0.01244823994329922,5
shuffle_s1,shuffle,1,low_source_sensitivity,drift,published_modules,self_is_top,1,0.5,0.0,5
shuffle_s1,shuffle,1,low_source_sensitivity,drift,published_modules,self_nes,1,1.1935090042648557,0.0779707056447286,5
shuffle_s1,shuffle,1,low_source_sensitivity,drift,published_modules,self_rank,-1,3.3,0.447213595499958,5
shuffle_s1,shuffle,1,low_source_sensitivity,expression,classical_frozen,own_nes,1,1.2875832323022514,0.006568303455847122,5
shuffle_s1,shuffle,1,low_source_sensitivity,expression,classical_frozen,positive_fdr25,1,1.0,0.0,5
shuffle_s1,shuffle,1,low_source_sensitivity,expression,classical_frozen,recall50,1,0.0,0.0,5
shuffle_s1,shuffle,1,low_source_sensitivity,expression,classical_frozen,self_is_top,1,,,0
shuffle_s1,shuffle,1,low_source_sensitivity,expression,classical_frozen,self_nes,1,,,0
shuffle_s1,shuffle,1,low_source_sensitivity,expression,classical_frozen,self_rank,-1,,,0
shuffle_s1,shuffle,1,low_source_sensitivity,expression,published_modules,own_nes,1,1.1287797186002124,0.0015865274606458141,5
shuffle_s1,shuffle,1,low_source_sensitivity,expression,published_modules,positive_fdr25,1,0.7,0.27386127875258304,5
shuffle_s1,shuffle,1,low_source_sensitivity,expression,published_modules,recall50,1,0.05129870129870125,0.01064794274999899,5
shuffle_s1,shuffle,1,low_source_sensitivity,expression,published_modules,self_is_top,1,0.0,0.0,5
shuffle_s1,shuffle,1,low_source_sensitivity,expression,published_modules,self_nes,1,1.1083270658858424,0.0061300581557128375,5
shuffle_s1,shuffle,1,low_source_sensitivity,expression,published_modules,self_rank,-1,2.5,0.0,5
shuffle_s1,shuffle,1,primary,drift,classical_frozen,own_nes,1,1.4103088025215655,0.00996874293613037,5
shuffle_s1,shuffle,1,primary,drift,classical_frozen,positive_fdr25,1,1.0,0.0,5
shuffle_s1,shuffle,1,primary,drift,classical_frozen,recall50,1,0.7066666666666666,0.054772255750516585,5
shuffle_s1,shuffle,1,primary,drift,classical_frozen,self_is_top,1,,,0
shuffle_s1,shuffle,1,primary,drift,classical_frozen,self_nes,1,,,0
shuffle_s1,shuffle,1,primary,drift,classical_frozen,self_rank,-1,,,0
shuffle_s1,shuffle,1,primary,drift,published_modules,own_nes,1,1.0193063455195104,0.1074094296992035,5
shuffle_s1,shuffle,1,primary,drift,published_modules,positive_fdr25,1,0.7777777777777778,0.0,5
shuffle_s1,shuffle,1,primary,drift,published_modules,recall50,1,0.34650784629471754,0.013931592674773409,5
shuffle_s1,shuffle,1,primary,drift,published_modules,self_is_top,1,0.3333333333333333,0.0,5
shuffle_s1,shuffle,1,primary,drift,published_modules,self_nes,1,0.6847095931715127,0.013635007407488768,5
shuffle_s1,shuffle,1,primary,drift,published_modules,self_rank,-1,2.7333333333333334,0.06085806194501849,5
shuffle_s1,shuffle,1,primary,expression,classical_frozen,own_nes,1,1.3365278251221926,0.010770777121436719,5
shuffle_s1,shuffle,1,primary,expression,classical_frozen,positive_fdr25,1,1.0,0.0,5
shuffle_s1,shuffle,1,primary,expression,classical_frozen,recall50,1,0.7666666666666666,0.0,5
shuffle_s1,shuffle,1,primary,expression,classical_frozen,self_is_top,1,,,0
shuffle_s1,shuffle,1,primary,expression,classical_frozen,self_nes,1,,,0
shuffle_s1,shuffle,1,primary,expression,classical_frozen,self_rank,-1,,,0
shuffle_s1,shuffle,1,primary,expression,published_modules,own_nes,1,1.2678046386230541,0.002267214033609974,5
shuffle_s1,shuffle,1,primary,expression,published_modules,positive_fdr25,1,1.0,0.0,5
shuffle_s1,shuffle,1,primary,expression,published_modules,recall50,1,0.42070914151050554,0.0,5
shuffle_s1,shuffle,1,primary,expression,published_modules,self_is_top,1,0.6222222222222222,0.0608580619450184,5
shuffle_s1,shuffle,1,primary,expression,published_modules,self_nes,1,1.2466109149711584,0.002114198305873451,5
shuffle_s1,shuffle,1,primary,expression,published_modules,self_rank,-1,1.4666666666666666,0.09296222517045293,5
shuffle_s2,shuffle,2,low_source_sensitivity,drift,classical_frozen,own_nes,1,1.4474567790617,0.04144190999274542,5
shuffle_s2,shuffle,2,low_source_sensitivity,drift,classical_frozen,positive_fdr25,1,1.0,0.0,5
shuffle_s2,shuffle,2,low_source_sensitivity,drift,classical_frozen,recall50,1,0.6166666666666666,0.24008100484813227,5
shuffle_s2,shuffle,2,low_source_sensitivity,drift,classical_frozen,self_is_top,1,,,0
shuffle_s2,shuffle,2,low_source_sensitivity,drift,classical_frozen,self_nes,1,,,0
shuffle_s2,shuffle,2,low_source_sensitivity,drift,classical_frozen,self_rank,-1,,,0
shuffle_s2,shuffle,2,low_source_sensitivity,drift,published_modules,own_nes,1,1.5397018518308456,0.04655469171580384,5
shuffle_s2,shuffle,2,low_source_sensitivity,drift,published_modules,positive_fdr25,1,1.0,0.0,5
shuffle_s2,shuffle,2,low_source_sensitivity,drift,published_modules,recall50,1,0.15930735930735923,0.02548925321723173,5
shuffle_s2,shuffle,2,low_source_sensitivity,drift,published_modules,self_is_top,1,0.2,0.27386127875258304,5
shuffle_s2,shuffle,2,low_source_sensitivity,drift,published_modules,self_nes,1,0.9903622345691907,0.3484013100827649,5
shuffle_s2,shuffle,2,low_source_sensitivity,drift,published_modules,self_rank,-1,3.8,0.2738612787525831,5
shuffle_s2,shuffle,2,low_source_sensitivity,expression,classical_frozen,own_nes,1,1.2945441693596798,0.008147800744258667,5
shuffle_s2,shuffle,2,low_source_sensitivity,expression,classical_frozen,positive_fdr25,1,1.0,0.0,5
shuffle_s2,shuffle,2,low_source_sensitivity,expression,classical_frozen,recall50,1,0.0,0.0,5
shuffle_s2,shuffle,2,low_source_sensitivity,expression,classical_frozen,self_is_top,1,,,0
shuffle_s2,shuffle,2,low_source_sensitivity,expression,classical_frozen,self_nes,1,,,0
shuffle_s2,shuffle,2,low_source_sensitivity,expression,classical_frozen,self_rank,-1,,,0
shuffle_s2,shuffle,2,low_source_sensitivity,expression,published_modules,own_nes,1,1.124769623177946,0.003941617415242899,5
shuffle_s2,shuffle,2,low_source_sensitivity,expression,published_modules,positive_fdr25,1,0.5,0.0,5
shuffle_s2,shuffle,2,low_source_sensitivity,expression,published_modules,recall50,1,0.06558441558441552,0.010647942749998992,5
shuffle_s2,shuffle,2,low_source_sensitivity,expression,published_modules,self_is_top,1,0.0,0.0,5
shuffle_s2,shuffle,2,low_source_sensitivity,expression,published_modules,self_nes,1,1.103452471405673,0.012305262704767473,5
shuffle_s2,shuffle,2,low_source_sensitivity,expression,published_modules,self_rank,-1,2.5,0.0,5
shuffle_s2,shuffle,2,primary,drift,classical_frozen,own_nes,1,1.4629915956384536,0.009294933467687503,5
shuffle_s2,shuffle,2,primary,drift,classical_frozen,positive_fdr25,1,1.0,0.0,5
shuffle_s2,shuffle,2,primary,drift,classical_frozen,recall50,1,0.8600000000000001,0.05477225575051659,5
shuffle_s2,shuffle,2,primary,drift,classical_frozen,self_is_top,1,,,0
shuffle_s2,shuffle,2,primary,drift,classical_frozen,self_nes,1,,,0
shuffle_s2,shuffle,2,primary,drift,classical_frozen,self_rank,-1,,,0
shuffle_s2,shuffle,2,primary,drift,published_modules,own_nes,1,0.7622361425344988,0.018777764663010576,5
shuffle_s2,shuffle,2,primary,drift,published_modules,positive_fdr25,1,0.5777777777777778,0.0496903994999953,5
shuffle_s2,shuffle,2,primary,drift,published_modules,recall50,1,0.32776098581725177,0.010878928611290879,5
shuffle_s2,shuffle,2,primary,drift,published_modules,self_is_top,1,0.17777777777777778,0.06085806194501846,5
shuffle_s2,shuffle,2,primary,drift,published_modules,self_nes,1,0.3392800898316655,0.016104423430822433,5
shuffle_s2,shuffle,2,primary,drift,published_modules,self_rank,-1,3.555555555555556,0.07856742013183841,5
shuffle_s2,shuffle,2,primary,expression,classical_frozen,own_nes,1,1.3424172725527403,0.007542599196615212,5
shuffle_s2,shuffle,2,primary,expression,classical_frozen,positive_fdr25,1,1.0,0.0,5
shuffle_s2,shuffle,2,primary,expression,classical_frozen,recall50,1,0.7666666666666666,0.0,5
shuffle_s2,shuffle,2,primary,expression,classical_frozen,self_is_top,1,,,0
shuffle_s2,shuffle,2,primary,expression,classical_frozen,self_nes,1,,,0
shuffle_s2,shuffle,2,primary,expression,classical_frozen,self_rank,-1,,,0
shuffle_s2,shuffle,2,primary,expression,published_modules,own_nes,1,1.2724124767592493,0.0017984917220088094,5
shuffle_s2,shuffle,2,primary,expression,published_modules,positive_fdr25,1,1.0,0.0,5
shuffle_s2,shuffle,2,primary,expression,published_modules,recall50,1,0.42506643998545107,0.0,5
shuffle_s2,shuffle,2,primary,expression,published_modules,self_is_top,1,0.6666666666666666,0.0,5
shuffle_s2,shuffle,2,primary,expression,published_modules,self_nes,1,1.25230849708375,0.0025964679662220406,5
shuffle_s2,shuffle,2,primary,expression,published_modules,self_rank,-1,1.4444444444444444,0.0,5
