readout,panel,metric,comparison,direction,improvement_mean,improvement_sd,seeds_improved,n_seeds,exact_two_sided_signflip_p
drift,classical_frozen,own_nes,real_vs_nogrn,1,1.4410151168911263,0.1284606508711564,3,3,0.25
drift,classical_frozen,own_nes,real_vs_shuffle,1,0.000513805140941385,0.022401703415600892,2,3,1.0
drift,classical_frozen,positive_fdr25,real_vs_nogrn,1,0.8333333333333334,0.28867513459481287,3,3,0.25
drift,classical_frozen,positive_fdr25,real_vs_shuffle,1,0.0,0.0,0,3,1.0
drift,classical_frozen,recall50,real_vs_nogrn,1,0.3533333333333333,0.041633319989322626,3,3,0.25
drift,classical_frozen,recall50,real_vs_shuffle,1,0.2044444444444444,0.12153341256778072,3,3,0.25
drift,classical_frozen,self_is_top,real_vs_nogrn,1,,,0,0,0.0
drift,classical_frozen,self_is_top,real_vs_shuffle,1,,,0,0,0.0
drift,classical_frozen,self_nes,real_vs_nogrn,1,,,0,0,0.0
drift,classical_frozen,self_nes,real_vs_shuffle,1,,,0,0,0.0
drift,classical_frozen,self_rank,real_vs_nogrn,-1,,,0,0,0.0
drift,classical_frozen,self_rank,real_vs_shuffle,-1,,,0,0,0.0
drift,published_modules,own_nes,real_vs_nogrn,1,0.5151985068200916,0.23334711181623588,3,3,0.25
drift,published_modules,own_nes,real_vs_shuffle,1,0.9101894250561857,0.3513488970412975,3,3,0.25
drift,published_modules,positive_fdr25,real_vs_nogrn,1,0.31851851851851853,0.025660011963983403,3,3,0.25
drift,published_modules,positive_fdr25,real_vs_shuffle,1,0.34074074074074073,0.14113006580190857,3,3,0.25
drift,published_modules,recall50,real_vs_nogrn,1,0.13718993477447586,0.05690636456411873,3,3,0.25
drift,published_modules,recall50,real_vs_shuffle,1,0.2033675979541283,0.06482840947254119,3,3,0.25
drift,published_modules,self_is_top,real_vs_nogrn,1,0.059259259259259255,0.1283000598199169,2,3,0.5
drift,published_modules,self_is_top,real_vs_shuffle,1,0.4222222222222222,0.15555555555555556,3,3,0.25
drift,published_modules,self_nes,real_vs_nogrn,1,0.6132196270498871,0.17650027972943785,3,3,0.25
drift,published_modules,self_nes,real_vs_shuffle,1,1.0876322953984776,0.4005025405924156,3,3,0.25
drift,published_modules,self_rank,real_vs_nogrn,-1,0.7555555555555555,0.21198648920376573,3,3,0.25
drift,published_modules,self_rank,real_vs_shuffle,-1,1.7407407407407407,0.7242990083507932,3,3,0.25
expression,classical_frozen,own_nes,real_vs_nogrn,1,-0.0054583880167214565,0.0020260769371822883,0,3,0.25
expression,classical_frozen,own_nes,real_vs_shuffle,1,-0.0003370756406932962,0.002695982732750358,2,3,1.0
expression,classical_frozen,positive_fdr25,real_vs_nogrn,1,0.0,0.0,0,3,1.0
expression,classical_frozen,positive_fdr25,real_vs_shuffle,1,0.0,0.0,0,3,1.0
expression,classical_frozen,recall50,real_vs_nogrn,1,0.09333333333333331,0.011547005383792525,3,3,0.25
expression,classical_frozen,recall50,real_vs_shuffle,1,0.0,0.0,0,3,1.0
expression,classical_frozen,self_is_top,real_vs_nogrn,1,,,0,0,0.0
expression,classical_frozen,self_is_top,real_vs_shuffle,1,,,0,0,0.0
expression,classical_frozen,self_nes,real_vs_nogrn,1,,,0,0,0.0
expression,classical_frozen,self_nes,real_vs_shuffle,1,,,0,0,0.0
expression,classical_frozen,self_rank,real_vs_nogrn,-1,,,0,0,0.0
expression,classical_frozen,self_rank,real_vs_shuffle,-1,,,0,0,0.0
expression,published_modules,own_nes,real_vs_nogrn,1,-0.03183237585287646,0.0058179103849531795,0,3,0.25
expression,published_modules,own_nes,real_vs_shuffle,1,7.80660722811503e-05,0.0033812864124500553,2,3,1.0
expression,published_modules,positive_fdr25,real_vs_nogrn,1,0.0,0.0,0,3,1.0
expression,published_modules,positive_fdr25,real_vs_shuffle,1,0.0,0.0,0,3,1.0
expression,published_modules,recall50,real_vs_nogrn,1,-0.036480585500193285,0.016012376483592126,0,3,0.25
expression,published_modules,recall50,real_vs_shuffle,1,-0.0096747116354959,0.004690432405785588,0,3,0.25
expression,published_modules,self_is_top,real_vs_nogrn,1,-0.22222222222222224,0.09686442096757054,0,3,0.25
expression,published_modules,self_is_top,real_vs_shuffle,1,-0.09629629629629628,0.06789001029564205,0,3,0.25
expression,published_modules,self_nes,real_vs_nogrn,1,-0.029204133752244916,0.009376910528588741,0,3,0.25
expression,published_modules,self_nes,real_vs_shuffle,1,-0.0007726069210856057,0.0029345361700622275,2,3,1.0
expression,published_modules,self_rank,real_vs_nogrn,-1,-0.2740740740740741,0.10020555006273084,0,3,0.25
expression,published_modules,self_rank,real_vs_shuffle,-1,-0.09629629629629632,0.055924699520524195,0,3,0.25
