condition,stage,stage_hpf,mean_w2,seed_sd,n_models
artemis,4,5.3,12.8131,,1
artemis,6,7.0,12.6591,,1
artemis,8,9.0,12.6025,,1
nogrn,4,5.3,14.578166666666666,1.6653568876770315,3
nogrn,6,7.0,14.6441,1.2425541557614301,3
nogrn,8,9.0,15.3755,0.8470356131828222,3
real,4,5.3,15.339633333333333,1.3706940772226788,3
real,6,7.0,16.890533333333334,1.328840059350007,3
real,8,9.0,18.300633333333334,1.8077585799363072,3
shuffle,4,5.3,15.0212,1.409276498775169,3
shuffle,6,7.0,16.284000000000002,1.7030247414526878,3
shuffle,8,9.0,17.962699999999998,1.6524357385387194,3
