dataset,gene,lineage,lineage_display,time,heldout,n_cells,observed_mean,detection_fraction,expression_percentile,detection_percentile,reference_panel,grn_rank,nogrn_rank,grn_rank_score,nogrn_rank_score,rank_gain,rank_score_gain,n_seeds
pancreas,ADRA2A,sc_ec,EC-like,3.0,True,221,0.6163034536199095,0.583710407239819,0.9745057232049948,0.9724245577523413,Veres EDT2,57.0,6.0,0.9708485163977095,0.9973971889640812,-51.0,-0.026548672566371723,0
pancreas,ADRA2A,sc_ec,EC-like,6.0,True,883,0.5173579842695357,0.5741789354473387,0.9698231009365245,0.9690426638917794,Veres EDT2,168.0,17.0,0.9130661114003124,0.9916710046850599,-151.0,-0.07860489328474751,0
pancreas,ARX,sc_alpha,alpha-like,3.0,True,1174,0.9624556924872231,0.7734241908006815,0.9895941727367326,0.9914151925078044,Veres EDT2,11.0,53.0,0.9947943779281624,0.9729307652264445,42.0,0.021863612701717883,0
pancreas,ARX,sc_alpha,alpha-like,6.0,True,484,0.7118535635950414,0.71900826446281,0.9843912591050988,0.9846514047866806,Veres EDT2,26.0,613.0,0.986985944820406,0.6814159292035398,587.0,0.30557001561686625,0
pancreas,BTG2,neurog3_early,early endocrine progenitor,3.0,True,398,0.5733813905527638,0.550251256281407,0.9849115504682622,0.9880332986472424,Veres EDT2,1369.0,1848.0,0.28787090057261844,0.03852160333159815,479.0,0.24934929724102028,0
pancreas,CD36,sc_alpha,alpha-like,3.0,True,1174,0.025533231660988073,0.04003407155025554,0.5920915712799167,0.6024973985431842,Veres EDT2,796.0,1719.0,0.5861530452889121,0.10567412805830301,923.0,0.4804789172306091,0
pancreas,CD36,sc_alpha,alpha-like,6.0,True,484,0.017075136508264466,0.028925619834710745,0.5400624349635796,0.5335587929240374,Veres EDT2,685.0,446.0,0.6439354502863093,0.7683498178032275,-239.0,-0.12441436751691826,0
pancreas,DDC,sc_ec,EC-like,3.0,True,221,1.5141941052941177,0.9276018099547512,0.9973985431841832,0.9968782518210197,Veres EDT2,8.0,205.0,0.9963560645497137,0.8938053097345133,197.0,0.10255075481520037,0
pancreas,DDC,sc_ec,EC-like,6.0,True,883,1.4819502902038504,0.9467723669309174,0.9973985431841832,0.9989594172736732,Veres EDT2,17.0,134.0,0.9916710046850599,0.9307652264445602,117.0,0.0609057782404997,0
pancreas,ENC1,phox2a,PHOX2A+,3.0,True,561,0.8611736915329768,0.6149732620320856,0.9875130072840791,0.9823100936524454,Veres EDT2,50.0,1920.0,0.9744924518479958,0.0010411244143675447,1870.0,0.9734513274336283,0
pancreas,ENC1,phox2a,PHOX2A+,6.0,True,177,0.7474799647457628,0.5536723163841808,0.9849115504682622,0.9724245577523413,Veres EDT2,67.0,1921.0,0.9656428943258719,0.0005205622071837723,1854.0,0.9651223321186881,0
pancreas,FEV,fev_high_isl_low,FEV-high endocrine progenitor,3.0,True,870,1.4506440749770118,0.8747126436781609,0.9984391259105099,0.9984391259105099,Veres EDT2,5.0,1890.0,0.9979177511712649,0.01665799062988027,1885.0,0.9812597605413846,0
pancreas,FEV,fev_high_isl_low,FEV-high endocrine progenitor,6.0,True,120,1.1528951696666667,0.7916666666666666,0.9947970863683663,0.9937565036420395,Veres EDT2,300.0,1895.0,0.8443519000520562,0.01405517959396152,1595.0,0.8302967204580947,0
pancreas,FEV,neurog3_late,late endocrine progenitor,3.0,True,1908,1.7230069160744235,0.9481132075471698,0.9994797086368367,0.9994797086368367,Veres EDT2,12.0,175.0,0.9942738157209786,0.9094221759500261,163.0,0.08485163977095256,0
pancreas,FEV,neurog3_late,late endocrine progenitor,6.0,True,443,1.556034975214447,0.909706546275395,0.9989594172736732,0.9984391259105099,Veres EDT2,116.0,141.0,0.9401353461738677,0.9271212909942739,25.0,0.013014055179593864,0
pancreas,FEV,phox2a,PHOX2A+,3.0,True,561,1.557802882228164,0.875222816399287,0.9979188345473465,0.9973985431841832,Veres EDT2,20.0,61.0,0.9901093180635085,0.9687662675689745,41.0,0.021343050494534,0
pancreas,FEV,phox2a,PHOX2A+,6.0,True,177,1.6354638178531073,0.9209039548022598,0.9979188345473465,0.9979188345473465,Veres EDT2,33.0,17.0,0.9833420093701197,0.9916710046850599,-16.0,-0.008328995314940135,0
pancreas,FEV,sc_ec,EC-like,3.0,True,221,1.8976894653393663,0.9864253393665159,0.9989594172736732,1.0,Veres EDT2,23.0,1915.0,0.9885476314419573,0.0036439354502862953,1892.0,0.984903695991671,0
pancreas,FEV,sc_ec,EC-like,6.0,True,883,1.5959298359003398,0.9580973952434881,0.9989594172736732,0.9994797086368367,Veres EDT2,105.0,1909.0,0.9458615304528891,0.006767308693388818,1804.0,0.9390942217595003,0
pancreas,G6PC2,sc_beta,beta-like,3.0,True,382,0.02251333557591623,0.03664921465968586,0.5759625390218522,0.6006763787721123,Veres EDT2,237.0,117.0,0.8771473191046331,0.939614783966684,-120.0,-0.0624674648620509,0
pancreas,G6PC2,sc_beta,beta-like,6.0,True,726,0.053464606267217635,0.07988980716253444,0.7294484911550468,0.7065556711758585,Veres EDT2,150.0,74.0,0.92243623112962,0.9619989588755856,-76.0,-0.03956272774596559,0
pancreas,GADD45A,neurog3_early,early endocrine progenitor,3.0,True,398,0.5109061957788944,0.47738693467336685,0.9828303850156087,0.9812695109261186,Veres EDT2,220.0,1868.0,0.8859968766267569,0.02811035918792293,1648.0,0.8578865174388339,0
pancreas,GCG,sc_alpha,alpha-like,3.0,True,1174,3.5564488188160137,0.8943781942078365,1.0,0.9994797086368367,Veres EDT2,1918.0,1.0,0.0020822488287350893,1.0,-1917.0,-0.9979177511712649,0
pancreas,GCG,sc_alpha,alpha-like,6.0,True,484,4.118988155165289,0.8760330578512396,1.0,0.9963579604578564,Veres EDT2,1917.0,3.0,0.0026028110359187506,0.9989588755856325,-1914.0,-0.9963560645497137,0
pancreas,HES6,neurog3_mid,mid endocrine progenitor,3.0,True,1156,0.5684453501643598,0.5034602076124568,0.977627471383975,0.9781477627471384,Veres EDT2,102.0,1857.0,0.9474232170744404,0.03383654346694431,1755.0,0.9135866736074961,0
pancreas,HES6,neurog3_mid,mid endocrine progenitor,6.0,True,233,0.6902488968240343,0.5836909871244635,0.9869927159209158,0.9849115504682622,Veres EDT2,31.0,1909.0,0.9843831337844873,0.006767308693388818,1878.0,0.9776158250910985,0
pancreas,HHEX,sst_hhex,delta-like,3.0,True,454,0.069322285969163,0.08590308370044053,0.740894901144641,0.7294484911550468,Veres EDT2,400.0,1098.0,0.7922956793336804,0.42894325871941696,698.0,0.3633524206142634,0
pancreas,HHEX,sst_hhex,delta-like,6.0,True,125,0.10915001968,0.128,0.8163371488033299,0.7718522372528616,Veres EDT2,283.0,1663.0,0.8532014575741801,0.13482561166059348,1380.0,0.7183758459135866,0
pancreas,INS,sc_beta,beta-like,3.0,True,382,1.6772504043717278,0.8429319371727748,0.9984391259105099,0.995057232049948,Veres EDT2,9.0,1.0,0.9958355023425299,1.0,-8.0,-0.004164497657470068,0
pancreas,INS,sc_beta,beta-like,6.0,True,726,3.217947352410468,0.987603305785124,1.0,1.0,Veres EDT2,167.0,2.0,0.9135866736074961,0.9994794377928162,-165.0,-0.0858927641853201,0
pancreas,IRX2,sc_alpha,alpha-like,3.0,True,1174,0.7612070987989779,0.6729131175468483,0.9843912591050988,0.9849115504682622,Veres EDT2,27.0,46.0,0.9864653826132223,0.9765747006767309,19.0,0.009890681936491341,0
pancreas,IRX2,sc_alpha,alpha-like,6.0,True,484,0.8417705448347107,0.7665289256198347,0.9890738813735692,0.9895941727367326,Veres EDT2,24.0,1821.0,0.9880270692347736,0.05257678292555956,1797.0,0.935450286309214,0
pancreas,ISL1,sc_alpha,alpha-like,3.0,True,1174,0.8995420639608176,0.7163543441226575,0.9875130072840791,0.9875130072840791,Veres EDT2,14.0,16.0,0.9932326913066112,0.9921915668922436,2.0,0.0010411244143675447,0
pancreas,ISL1,sc_alpha,alpha-like,6.0,True,484,0.8475543441528927,0.7541322314049587,0.9895941727367326,0.9885535900104059,Veres EDT2,3.0,62.0,0.9989588755856325,0.9682457053617908,59.0,0.03071317022384168,0
pancreas,ISL1,sc_beta,beta-like,3.0,True,382,0.9200234835863874,0.7303664921465969,0.9869927159209158,0.986732570239334,Veres EDT2,21.0,19.0,0.9895887558563248,0.9906298802706923,-2.0,-0.0010411244143675447,0
pancreas,ISL1,sc_beta,beta-like,6.0,True,726,0.8253384888705233,0.7176308539944903,0.9838709677419355,0.9802289281997919,Veres EDT2,10.0,57.0,0.9953149401353462,0.9708485163977095,47.0,0.024466423737636633,0
pancreas,ISL1,sst_hhex,delta-like,3.0,True,454,0.9713592630176212,0.6784140969162996,0.9906347554630593,0.9869927159209158,Veres EDT2,14.0,15.0,0.9932326913066112,0.9927121290994274,1.0,0.0005205622071837723,0
pancreas,ISL1,sst_hhex,delta-like,6.0,True,125,0.7079082372799999,0.6,0.9823100936524454,0.9786680541103018,Veres EDT2,13.0,21.0,0.993753253513795,0.9895887558563248,8.0,0.004164497657470179,0
pancreas,KLK1,phox2a,PHOX2A+,3.0,True,561,0.05232565445632798,0.06951871657754011,0.7273673257023934,0.7281477627471384,Veres EDT2,1868.0,1840.0,0.02811035918792293,0.04268610098906822,-28.0,-0.014575741801145292,0
pancreas,KLK1,phox2a,PHOX2A+,6.0,True,177,0.39419613028248585,0.4124293785310734,0.9562955254942768,0.9497918834547346,Veres EDT2,315.0,1886.0,0.8365434669442998,0.01874023945861536,1571.0,0.8178032274856845,0
pancreas,NEUROD1,neurog3_late,late endocrine progenitor,3.0,True,1908,1.269030101273585,0.8784067085953878,0.9953173777315296,0.9963579604578564,Veres EDT2,8.0,126.0,0.9963560645497137,0.9349297241020302,118.0,0.06142634044768347,0
pancreas,NEUROD1,neurog3_late,late endocrine progenitor,6.0,True,443,0.9756443102708804,0.7562076749435666,0.9911550468262227,0.991675338189386,Veres EDT2,59.0,42.0,0.969807391983342,0.9786569495054659,-17.0,-0.008849557522123908,0
pancreas,NEUROG3,neurog3_early,early endocrine progenitor,3.0,True,398,0.9456095522613065,0.6959798994974874,0.9947970863683663,0.9932362122788762,Veres EDT2,7.0,20.0,0.9968766267568975,0.9901093180635085,13.0,0.006767308693388929,0
pancreas,NEUROG3,neurog3_late,late endocrine progenitor,3.0,True,1908,0.8348310083018868,0.6761006289308176,0.9843912591050988,0.9836108220603538,Veres EDT2,3.0,297.0,0.9989588755856325,0.8459135866736075,294.0,0.15304528891202496,0
pancreas,NEUROG3,neurog3_late,late endocrine progenitor,6.0,True,443,0.36266791097065465,0.3747178329571106,0.9573361082206036,0.9492715920915713,Veres EDT2,11.0,125.0,0.9947943779281624,0.935450286309214,114.0,0.05934409161894838,0
pancreas,NEUROG3,neurog3_mid,mid endocrine progenitor,3.0,True,1156,1.196276099403114,0.8088235294117647,0.9953173777315296,0.9947970863683663,Veres EDT2,4.0,81.0,0.9984383133784487,0.9583550234252993,77.0,0.04008328995314936,0
pancreas,NEUROG3,neurog3_mid,mid endocrine progenitor,6.0,True,233,0.7926049168669527,0.6351931330472103,0.9911550468262227,0.9893340270551508,Veres EDT2,5.0,410.0,0.9979177511712649,0.7870900572618428,405.0,0.21082769390942213,0
pancreas,NKX6-1,prog_nkx61,NKX6-1+ progenitor,3.0,True,277,0.20417770440433214,0.27075812274368233,0.9573361082206036,0.9588969823100937,Veres EDT2,61.0,1910.0,0.9687662675689745,0.006246746486205157,1849.0,0.9625195210827694,0
pancreas,NKX6-1,prog_nkx61,NKX6-1+ progenitor,6.0,True,72,0.16338112180555553,0.2916666666666667,0.9406867845993756,0.9521331945889698,Veres EDT2,28.0,1907.0,0.9859448204060385,0.007808433107756363,1879.0,0.9781363872982821,0
pancreas,NKX6-1,sc_beta,beta-like,3.0,True,382,0.5916928352617801,0.5680628272251309,0.9765868886576483,0.9768470343392299,Veres EDT2,195.0,58.0,0.8990109318063508,0.9703279541905258,-137.0,-0.07131702238417492,0
pancreas,NKX6-1,sc_beta,beta-like,6.0,True,726,0.7310785987465565,0.7272727272727273,0.9791883454734651,0.9812695109261186,Veres EDT2,184.0,49.0,0.9047371160853722,0.9750130140551796,-135.0,-0.07027589796980738,0
pancreas,NPTX2,sc_beta,beta-like,3.0,True,382,0.2570440958638744,0.2879581151832461,0.9334027055150884,0.9276795005202914,Veres EDT2,71.0,34.0,0.9635606454971369,0.982821447162936,-37.0,-0.01926080166579902,0
pancreas,NPTX2,sc_beta,beta-like,6.0,True,726,0.2645054903305785,0.35537190082644626,0.9276795005202914,0.9242976066597295,Veres EDT2,37.0,36.0,0.9812597605413846,0.9817803227485684,-1.0,-0.0005205622071837723,0
pancreas,ONECUT3,fev_high_isl_low,FEV-high endocrine progenitor,3.0,True,870,0.13944627099999998,0.16896551724137931,0.8772112382934444,0.8670655567117586,Veres EDT2,1884.0,1915.0,0.019781363872982793,0.0036439354502862953,31.0,0.016137428422696498,0
pancreas,ONECUT3,fev_high_isl_low,FEV-high endocrine progenitor,6.0,True,120,0.15522502116666667,0.14166666666666666,0.8792924037460979,0.8012486992715921,Veres EDT2,171.0,1911.0,0.911504424778761,0.005726184279021385,1740.0,0.9057782404997397,0
pancreas,PAX4,fev_high_isl_low,FEV-high endocrine progenitor,3.0,True,870,0.2587542243678161,0.29310344827586204,0.9328824141519251,0.9302809573361083,Veres EDT2,237.0,1697.0,0.8771473191046331,0.11712649661634567,1460.0,0.7600208224882874,0
pancreas,PAX4,fev_high_isl_low,FEV-high endocrine progenitor,6.0,True,120,0.16800508466666664,0.2,0.8902185223725286,0.8629032258064516,Veres EDT2,1902.0,1794.0,0.010411244143675225,0.06663196251952108,-108.0,-0.05622071837584586,0
pancreas,PAX4,neurog3_mid,mid endocrine progenitor,3.0,True,1156,0.6829869964619377,0.5674740484429066,0.9864724245577523,0.9854318418314256,Veres EDT2,107.0,1913.0,0.9448204060385216,0.00468505986465384,1806.0,0.9401353461738677,0
pancreas,PAX4,neurog3_mid,mid endocrine progenitor,6.0,True,233,0.5434435163519313,0.5321888412017167,0.9771071800208116,0.9797086368366286,Veres EDT2,148.0,1902.0,0.9234773555439875,0.010411244143675225,1754.0,0.9130661114003122,0
pancreas,PAX4,sc_beta,beta-like,3.0,True,382,0.2981623327748691,0.3403141361256545,0.9448491155046826,0.9445889698231009,Veres EDT2,1883.0,1835.0,0.020301926080166566,0.04528891202498697,-48.0,-0.024986985944820406,0
pancreas,PAX4,sc_beta,beta-like,6.0,True,726,0.30432092681818185,0.41460055096418735,0.9396462018730489,0.9391259105098856,Veres EDT2,1908.0,1891.0,0.007287870900572591,0.016137428422696498,-17.0,-0.008849557522123908,0
pancreas,PHOX2A,phox2a,PHOX2A+,3.0,True,561,0.6656855332976828,0.6060606060606061,0.9781477627471384,0.9812695109261186,Veres EDT2,64.0,1910.0,0.9672045809474232,0.006246746486205157,1846.0,0.9609578344612181,0
pancreas,PHOX2A,phox2a,PHOX2A+,6.0,True,177,0.49385568033898297,0.4689265536723164,0.9687825182101977,0.9620187304890739,Veres EDT2,76.0,1915.0,0.9609578344612181,0.0036439354502862953,1839.0,0.9573138990109318,0
pancreas,PTF1A,prog_nkx61,NKX6-1+ progenitor,3.0,True,277,0.37674684870036096,0.40794223826714804,0.9823100936524454,0.9778876170655567,Veres EDT2,71.0,1889.0,0.9635606454971369,0.017178552837064043,1818.0,0.9463820926600729,0
pancreas,PTF1A,prog_nkx61,NKX6-1+ progenitor,6.0,True,72,0.4362296033333333,0.5416666666666666,0.9843912591050988,0.9823100936524454,Veres EDT2,46.0,1888.0,0.9765747006767309,0.017699115044247815,1842.0,0.9588755856324831,0
pancreas,RBP4,sst_hhex,delta-like,3.0,True,454,0.06436261392070484,0.07268722466960352,0.7252861602497399,0.6984911550468262,Veres EDT2,686.0,1173.0,0.6434148880791255,0.38990109318063504,487.0,0.25351379489849046,0
pancreas,RBP4,sst_hhex,delta-like,6.0,True,125,0.03325450072,0.048,0.5978147762747138,0.5892299687825182,Veres EDT2,843.0,1710.0,0.5616866215512754,0.11035918792295685,867.0,0.4513274336283185,0
pancreas,SLC18A1,sc_ec,EC-like,3.0,True,221,0.27493231963800907,0.35294117647058826,0.9344432882414152,0.9336628511966701,Veres EDT2,80.0,67.0,0.9588755856324831,0.9656428943258719,-13.0,-0.006767308693388818,0
pancreas,SLC18A1,sc_ec,EC-like,6.0,True,883,0.23662992345413364,0.35900339750849375,0.921436004162331,0.9248178980228928,Veres EDT2,84.0,184.0,0.956793336803748,0.9047371160853722,100.0,0.05205622071837579,0
pancreas,SLC30A8,sc_beta,beta-like,3.0,True,382,0.37799115384816756,0.3612565445026178,0.9583766909469302,0.9500520291363164,prespecified Veres terminal-gene boundary control,12.0,5.0,0.9942738157209786,0.9979177511712649,-7.0,-0.0036439354502862953,0
pancreas,SLC30A8,sc_beta,beta-like,6.0,True,726,0.7929794053305784,0.6528925619834711,0.9823100936524454,0.9760665972944849,prespecified Veres terminal-gene boundary control,6.0,5.0,0.9973971889640812,0.9979177511712649,-1.0,-0.0005205622071836613,0
pancreas,SOX9,prog_nkx61,NKX6-1+ progenitor,3.0,True,277,0.48180495685920566,0.4981949458483754,0.985952133194589,0.9849115504682622,Veres EDT2,72.0,1912.0,0.9630400832899532,0.005205622071837612,1840.0,0.9578344612181156,0
pancreas,SOX9,prog_nkx61,NKX6-1+ progenitor,6.0,True,72,0.8646629995833334,0.7777777777777778,0.9953173777315296,0.9942767950052029,Veres EDT2,70.0,1908.0,0.9640812077043207,0.007287870900572591,1838.0,0.9567933368037481,0
pancreas,SPP1,prog_nkx61,NKX6-1+ progenitor,3.0,True,277,0.005335438158844765,0.007220216606498195,0.43548387096774194,0.4167533818938606,Veres EDT2,669.0,1489.0,0.6522644456012494,0.22540343571056742,820.0,0.426861009890682,0
pancreas,SPP1,prog_nkx61,NKX6-1+ progenitor,6.0,True,72,0.0,0.0,0.2169614984391259,0.2169614984391259,Veres EDT2,1053.0,805.0,0.45236855804268605,0.5814679854242581,-248.0,-0.1290994273815721,0
pancreas,SST,sst_hhex,delta-like,3.0,True,454,1.975363397995595,0.6938325991189427,1.0,0.9890738813735692,Veres EDT2,148.0,1915.0,0.9234773555439875,0.0036439354502862953,1767.0,0.9198334200937012,0
pancreas,SST,sst_hhex,delta-like,6.0,True,125,1.65290806264,0.52,0.9973985431841832,0.9659209157127991,Veres EDT2,9.0,1922.0,0.9958355023425299,0.0,1913.0,0.9958355023425299,0
pancreas,TPH1,phox2a,PHOX2A+,3.0,True,561,0.09660160559714796,0.11051693404634581,0.8257023933402705,0.8111342351716961,Veres EDT2,1901.0,11.0,0.010931806350858886,0.9947943779281624,-1890.0,-0.9838625715773035,0
pancreas,TPH1,phox2a,PHOX2A+,6.0,True,177,0.9183153830508474,0.6610169491525424,0.991675338189386,0.9833506763787722,Veres EDT2,48.0,3.0,0.9755335762623634,0.9989588755856325,-45.0,-0.02342529932326909,0
pancreas,TPH1,sc_ec,EC-like,3.0,True,221,0.6315821731674207,0.5701357466063348,0.9755463059313215,0.9713839750260146,Veres EDT2,120.0,4.0,0.9380530973451328,0.9984383133784487,-116.0,-0.060385216033315925,0
pancreas,TPH1,sc_ec,EC-like,6.0,True,883,1.2708234640203853,0.8674971687429218,0.9942767950052029,0.9937565036420395,Veres EDT2,8.0,19.0,0.9963560645497137,0.9906298802706923,11.0,0.005726184279021385,0
zebrafish,ACTA1A,adaxial_cells,adaxial cells,9.0,True,54,0.0,0.0,0.28125,0.28125,Farrell frozen modules,145.0,146.0,0.9279639819909955,0.927463731865933,1.0,0.0005002501250624958,3
zebrafish,ACTC1A,adaxial_cells,adaxial cells,9.0,True,54,0.7823155185185185,0.5,0.958,0.95575,Farrell frozen modules,67.0,153.0,0.966983491745873,0.9239619809904952,86.0,0.043021510755377745,3
zebrafish,ACTC1B,adaxial_cells,adaxial cells,9.0,True,54,0.020773794444444445,0.018518518518518517,0.6235,0.6185,Farrell frozen modules,303.0,1676.0,0.8489244622311156,0.16208104052026018,1324.0,0.6623311655827914,3
zebrafish,AKAP12B,pancreatic_intestinal_endoderm,pancreatic intestinal endoderm,9.0,True,65,2.225732111384615,0.9230769230769231,0.993,0.993,Farrell frozen modules,1917.0,1978.0,0.04152076038019015,0.011005502751375684,61.0,0.030515257628814463,3
zebrafish,AKAP12B,pharyngeal_endoderm,pharyngeal endoderm,9.0,True,70,2.1932770428571433,0.8714285714285714,0.993,0.99125,Farrell frozen modules,13.0,41.0,0.9939969984992496,0.9799899949974987,28.0,0.014007003501750881,3
zebrafish,ALCAMB,pancreatic_intestinal_endoderm,pancreatic intestinal endoderm,9.0,True,65,0.8615564892307692,0.47692307692307695,0.973,0.96425,Farrell frozen modules,38.0,19.0,0.9814907453726863,0.9909954977488744,-17.0,-0.008504252126063094,3
zebrafish,ALDH1A2,somites,somites,7.0,True,55,1.0920041772727271,0.7272727272727273,0.9705,0.96375,Farrell frozen modules,22.0,71.0,0.9894947473736868,0.9649824912456229,43.0,0.02151075537768876,3
zebrafish,ALDH1A2,somites,somites,9.0,True,416,0.9730417442067307,0.6322115384615384,0.966,0.94875,Farrell frozen modules,156.0,1985.0,0.9224612306153077,0.007503751875937992,1829.0,0.9149574787393697,3
zebrafish,ALPI.1,adaxial_cells,adaxial cells,9.0,True,54,0.10142512462962962,0.07407407407407407,0.803,0.787,Farrell frozen modules,78.0,178.0,0.961480740370185,0.9114557278639319,100.0,0.05002501250625313,3
zebrafish,ANGPTL7,somites,somites,7.0,True,55,0.0,0.0,0.2755,0.2755,Farrell frozen modules,247.0,135.0,0.8769384692346173,0.9329664832416208,-123.0,-0.06153076538269142,3
zebrafish,ANGPTL7,somites,somites,9.0,True,416,0.0722505176923077,0.07451923076923077,0.7595,0.74425,Farrell frozen modules,133.0,133.0,0.9339669834917459,0.9339669834917459,0.0,0.0,3
zebrafish,ANP32E,adaxial_cells,adaxial cells,9.0,True,54,2.8412822055555558,1.0,0.996,0.99825,Farrell frozen modules,1891.0,1951.0,0.054527263631815925,0.02451225612806407,68.0,0.034017008504252155,3
zebrafish,APELA,pancreatic_intestinal_endoderm,pancreatic intestinal endoderm,9.0,True,65,1.0603032893846154,0.6615384615384615,0.98,0.98125,Farrell frozen modules,111.0,44.0,0.9449724862431216,0.9784892446223111,-65.0,-0.032516258129064446,3
zebrafish,APELA,pharyngeal_endoderm,pharyngeal endoderm,9.0,True,70,0.8382102155714286,0.5285714285714286,0.97,0.968,Farrell frozen modules,114.0,414.0,0.943471735867934,0.7933966983491746,300.0,0.1500750375187594,3
zebrafish,APLNRA,adaxial_cells,adaxial cells,9.0,True,54,0.9900868518518519,0.6481481481481481,0.9675,0.97225,Farrell frozen modules,36.0,118.0,0.9824912456228114,0.9414707353676839,82.0,0.04102051025512754,3
zebrafish,APOC1,adaxial_cells,adaxial cells,9.0,True,54,1.0509545012962962,0.6296296296296297,0.9705,0.97025,Farrell frozen modules,1975.0,214.0,0.012506253126563283,0.8934467233616809,-1765.0,-0.8829414707353677,3
zebrafish,APOC1,pancreatic_intestinal_endoderm,pancreatic intestinal endoderm,9.0,True,65,2.9759010292307693,0.9384615384615385,0.9955,0.99375,Farrell frozen modules,1978.0,56.0,0.011005502751375684,0.9724862431215607,-1925.0,-0.9629814907453726,3
zebrafish,APOEB,pancreatic_intestinal_endoderm,pancreatic intestinal endoderm,9.0,True,65,3.2233679523076924,0.9692307692307692,0.9975,0.995,Farrell frozen modules,1997.0,1993.0,0.0015007503751875984,0.0035017508754376925,-4.0,-0.002001000500250094,3
zebrafish,ARL4AA,somites,somites,7.0,True,55,0.0907519290909091,0.09090909090909091,0.7805,0.7615,Farrell frozen modules,153.0,81.0,0.9239619809904952,0.9599799899949975,-79.0,-0.03951975987994005,3
zebrafish,ARL4AA,somites,somites,9.0,True,416,0.39286609504807696,0.3293269230769231,0.909,0.89425,Farrell frozen modules,70.0,916.0,0.9654827413706853,0.5422711355677838,842.0,0.4212106053026514,3
zebrafish,ASPH,adaxial_cells,adaxial cells,9.0,True,54,1.9114425253703706,0.8888888888888888,0.992,0.99175,Farrell frozen modules,8.0,48.0,0.9964982491245623,0.976488244122061,38.0,0.019009504752376172,3
zebrafish,ASPH,notochord,notochord,7.0,True,114,0.9134217261403509,0.7982456140350878,0.9605,0.96175,Farrell frozen modules,17.0,11.0,0.9919959979989995,0.9949974987493747,-5.0,-0.00250125062531259,3
zebrafish,ASPH,notochord,notochord,9.0,True,131,1.8926853356488549,0.9312977099236641,0.988,0.98875,Farrell frozen modules,2.0,2.0,0.9994997498749375,0.9994997498749375,0.0,0.0,3
zebrafish,ASPH,pharyngeal_endoderm,pharyngeal endoderm,9.0,True,70,0.8130023157142856,0.4,0.968,0.953,Farrell frozen modules,131.0,178.0,0.9349674837418709,0.9114557278639319,88.0,0.04402201100550285,3
zebrafish,ASPH,prechordal_plate,prechordal plate,7.0,True,107,0.917073484859813,0.7850467289719626,0.9545,0.9465,Farrell frozen modules,49.0,14.0,0.9759879939969985,0.9934967483741871,-35.0,-0.017508754377188573,3
zebrafish,ASPH,prechordal_plate,prechordal plate,9.0,True,109,2.050715936972477,0.9908256880733946,0.9865,0.99125,Farrell frozen modules,11.0,57.0,0.9949974987493747,0.9719859929964982,42.0,0.021010505252626377,3
zebrafish,ASPH,somites,somites,7.0,True,55,1.1616262967272726,0.7636363636363637,0.974,0.9685,Farrell frozen modules,7.0,11.0,0.9969984992496248,0.9949974987493747,3.0,0.0015007503751875984,3
zebrafish,ASPH,somites,somites,9.0,True,416,1.7849963069471155,0.90625,0.9895,0.988,Farrell frozen modules,8.0,52.0,0.9964982491245623,0.9744872436218109,44.0,0.02201100550275137,3
zebrafish,ATPIF1B,prechordal_plate,prechordal plate,7.0,True,107,0.0839939046728972,0.1588785046728972,0.7585,0.7725,Farrell frozen modules,319.0,957.0,0.840920460230115,0.5217608804402201,261.0,0.1305652826413206,3
zebrafish,ATPIF1B,prechordal_plate,prechordal plate,9.0,True,109,0.16164562183486236,0.22935779816513763,0.838,0.84825,Farrell frozen modules,1760.0,1983.0,0.12006003001500754,0.008504252126062983,218.0,0.10905452726363185,3
zebrafish,BTG2,somites,somites,7.0,True,55,0.4888303865454546,0.5272727272727272,0.923,0.9375,Farrell frozen modules,165.0,325.0,0.9179589794897449,0.8379189594797398,200.0,0.10005002501250626,3
zebrafish,BTG2,somites,somites,9.0,True,416,0.6506578191346153,0.5600961538461539,0.941,0.94125,Farrell frozen modules,38.0,20.0,0.9814907453726863,0.9904952476238119,-16.0,-0.008004002001000488,3
zebrafish,CALR3B,notochord,notochord,7.0,True,114,0.571399098245614,0.5701754385964912,0.929,0.92475,Farrell frozen modules,43.0,81.0,0.9789894947473737,0.9599799899949975,38.0,0.019009504752376283,3
zebrafish,CALR3B,notochord,notochord,9.0,True,131,1.354226981984733,0.7862595419847328,0.9775,0.971,Farrell frozen modules,25.0,1817.0,0.9879939969984992,0.09154577288644317,1792.0,0.896448224112056,3
zebrafish,CALR3B,prechordal_plate,prechordal plate,7.0,True,107,1.6880046646728972,0.9252336448598131,0.982,0.97175,Farrell frozen modules,9.0,5.0,0.9959979989994997,0.9979989994997499,-4.0,-0.002001000500250094,3
zebrafish,CALR3B,prechordal_plate,prechordal plate,9.0,True,109,3.2450245546788987,1.0,0.9995,0.99625,Farrell frozen modules,5.0,164.0,0.9979989994997499,0.9184592296148074,159.0,0.07953976988494249,3
zebrafish,CD63,prechordal_plate,prechordal plate,7.0,True,107,0.35219658121495323,0.42990654205607476,0.8905,0.8785,Farrell frozen modules,142.0,17.0,0.9294647323661831,0.9919959979989995,-125.0,-0.06253126563281641,3
zebrafish,CD63,prechordal_plate,prechordal plate,9.0,True,109,1.5992604188073392,0.9357798165137615,0.9815,0.9835,Farrell frozen modules,15.0,29.0,0.9929964982491246,0.9859929964982491,13.0,0.006503251625813,3
zebrafish,CD9B,pharyngeal_endoderm,pharyngeal endoderm,9.0,True,70,0.298441165,0.21428571428571427,0.9055,0.90075,Farrell frozen modules,205.0,182.0,0.8979489744872436,0.9094547273636818,20.0,0.010005002501250693,3
zebrafish,CDH6,pharyngeal_endoderm,pharyngeal endoderm,9.0,True,70,0.622077491,0.3142857142857143,0.955,0.93725,Farrell frozen modules,50.0,48.0,0.9754877438719359,0.976488244122061,8.0,0.004002001000500299,3
zebrafish,CDKN1CA,adaxial_cells,adaxial cells,9.0,True,54,1.508864216666667,0.7592592592592593,0.9855,0.97975,Farrell frozen modules,11.0,110.0,0.9949974987493747,0.9454727363681841,99.0,0.049524762381190635,3
zebrafish,CDX4,adaxial_cells,adaxial cells,9.0,True,54,2.5680890851851848,0.9074074074074074,0.9945,0.99275,Farrell frozen modules,36.0,267.0,0.9824912456228114,0.8669334667333667,231.0,0.11555777888944474,3
zebrafish,CDX4,pancreatic_intestinal_endoderm,pancreatic intestinal endoderm,9.0,True,65,1.9997567476923075,0.6461538461538462,0.9925,0.98025,Farrell frozen modules,3.0,14.0,0.9989994997498749,0.9934967483741871,5.0,0.00250125062531259,3
zebrafish,CHD,pancreatic_intestinal_endoderm,pancreatic intestinal endoderm,9.0,True,65,0.3053298512307692,0.2,0.916,0.90125,Farrell frozen modules,62.0,80.0,0.9694847423711856,0.9604802401200601,18.0,0.00900450225112559,3
zebrafish,CITED4B,prechordal_plate,prechordal plate,7.0,True,107,2.008187057943925,0.9813084112149533,0.9885,0.98425,Farrell frozen modules,34.0,496.0,0.9834917458729364,0.752376188094047,462.0,0.23111555777888937,3
zebrafish,CITED4B,prechordal_plate,prechordal plate,9.0,True,109,2.287737191743119,0.981651376146789,0.9885,0.98925,Farrell frozen modules,42.0,89.0,0.9794897448724362,0.9559779889944973,51.0,0.02551275637818906,3
zebrafish,CPN1,somites,somites,7.0,True,55,0.1647997109090909,0.2,0.8335,0.84125,Farrell frozen modules,222.0,140.0,0.8894447223611806,0.9304652326163082,-93.0,-0.04652326163081544,3
zebrafish,CPN1,somites,somites,9.0,True,416,0.3436173292307692,0.2932692307692308,0.8955,0.8835,Farrell frozen modules,80.0,1929.0,0.9604802401200601,0.035517758879439754,1849.0,0.9249624812406203,3
zebrafish,CTSLB,prechordal_plate,prechordal plate,7.0,True,107,0.2355219078504673,0.19626168224299065,0.8565,0.795,Farrell frozen modules,1019.0,13.0,0.4907453726863432,0.9939969984992496,-995.0,-0.4977488744372186,3
zebrafish,CTSLB,prechordal_plate,prechordal plate,9.0,True,109,1.9496057410091745,0.7614678899082569,0.985,0.9615,Farrell frozen modules,63.0,1983.0,0.968984492246123,0.008504252126062983,1904.0,0.9524762381190596,3
zebrafish,CX43.4,adaxial_cells,adaxial cells,9.0,True,54,2.838695383333334,1.0,0.9955,0.99825,Farrell frozen modules,53.0,40.0,0.9739869934967483,0.9804902451225613,-13.0,-0.006503251625813,3
zebrafish,CX43.4,pancreatic_intestinal_endoderm,pancreatic intestinal endoderm,9.0,True,65,1.9992864116923075,0.9692307692307692,0.992,0.995,Farrell frozen modules,93.0,71.0,0.9539769884942472,0.9649824912456229,-22.0,-0.011005502751375684,3
zebrafish,CX43.4,somites,somites,7.0,True,55,2.5860789163636366,1.0,0.9945,0.997,Farrell frozen modules,12.0,9.0,0.9944972486243121,0.9959979989994997,-2.0,-0.0010005002501251026,3
zebrafish,CX43.4,somites,somites,9.0,True,416,2.6496860591346145,0.9927884615384616,0.9945,0.99575,Farrell frozen modules,80.0,83.0,0.9604802401200601,0.9589794897448725,6.0,0.0030015007503751967,3
zebrafish,DDIT4,adaxial_cells,adaxial cells,9.0,True,54,0.5010495407407407,0.37037037037037035,0.936,0.9365,Farrell frozen modules,18.0,18.0,0.991495747873937,0.991495747873937,0.0,0.0,3
zebrafish,DMRT2A,somites,somites,7.0,True,55,0.0,0.0,0.2755,0.2755,Farrell frozen modules,442.0,343.0,0.7793896948474237,0.8289144572286143,-64.0,-0.03201600800400195,3
zebrafish,DMRT2A,somites,somites,9.0,True,416,0.012695298197115384,0.014423076923076924,0.5755,0.5675,Farrell frozen modules,179.0,150.0,0.9109554777388694,0.9254627313656828,-15.0,-0.007503751875937881,3
zebrafish,EFEMP2A,adaxial_cells,adaxial cells,9.0,True,54,0.05055726907407408,0.05555555555555555,0.731,0.754,Farrell frozen modules,151.0,167.0,0.9249624812406203,0.9169584792396198,16.0,0.008004002001000488,3
zebrafish,EFEMP2B,somites,somites,7.0,True,55,0.48977928709090907,0.4727272727272727,0.9235,0.92775,Farrell frozen modules,16.0,16.0,0.992496248124062,0.992496248124062,-1.0,-0.0005002501250624958,3
zebrafish,EFEMP2B,somites,somites,9.0,True,416,1.2116528400721156,0.7884615384615384,0.9745,0.974,Farrell frozen modules,25.0,1935.0,0.9879939969984992,0.03251625812906456,1908.0,0.9544772386193097,3
zebrafish,EMILIN3A,notochord,notochord,7.0,True,114,0.017364341228070176,0.03508771929824561,0.609,0.6175,Farrell frozen modules,177.0,117.0,0.9119559779889945,0.9419709854927464,-36.0,-0.01800900450225118,3
zebrafish,EMILIN3A,notochord,notochord,9.0,True,131,0.3211745138931298,0.2595419847328244,0.9,0.881,Farrell frozen modules,63.0,1970.0,0.968984492246123,0.015007503751875984,1905.0,0.9529764882441221,3
zebrafish,EMP2,somites,somites,7.0,True,55,0.011876758181818181,0.01818181818181818,0.5815,0.60025,Farrell frozen modules,543.0,421.0,0.728864432216108,0.7898949474737369,-99.0,-0.049524762381190746,3
zebrafish,EMP2,somites,somites,9.0,True,416,0.037327328124999996,0.052884615384615384,0.6875,0.7005,Farrell frozen modules,259.0,284.0,0.870935467733867,0.8584292146073036,31.0,0.01550775387693848,3
zebrafish,F11R.1,pharyngeal_endoderm,pharyngeal endoderm,9.0,True,70,0.30351598514285716,0.22857142857142856,0.907,0.908,Farrell frozen modules,180.0,164.0,0.9104552276138069,0.9184592296148074,-15.0,-0.007503751875937992,3
zebrafish,FGF8A,pancreatic_intestinal_endoderm,pancreatic intestinal endoderm,9.0,True,65,0.29455134615384615,0.18461538461538463,0.9115,0.89275,Farrell frozen modules,69.0,76.0,0.9659829914957478,0.9624812406203102,7.0,0.0035017508754376925,3
zebrafish,FKBP11,notochord,notochord,7.0,True,114,0.15363550342105264,0.21929824561403508,0.8145,0.80625,Farrell frozen modules,62.0,46.0,0.9694847423711856,0.9774887443721861,-16.0,-0.008004002001000488,3
zebrafish,FKBP11,notochord,notochord,9.0,True,131,0.8604584143511451,0.7022900763358778,0.959,0.9635,Farrell frozen modules,27.0,1743.0,0.9869934967483742,0.12856428214107052,1715.0,0.8579289644822411,3
zebrafish,FKBP11,prechordal_plate,prechordal plate,7.0,True,107,0.3604246085046729,0.411214953271028,0.894,0.875,Farrell frozen modules,110.0,32.0,0.9454727363681841,0.9844922461230615,-62.0,-0.03101550775387696,3
zebrafish,FKBP11,prechordal_plate,prechordal plate,9.0,True,109,1.148720018348624,0.8165137614678899,0.972,0.9685,Farrell frozen modules,48.0,1995.0,0.976488244122061,0.002501250625312701,1947.0,0.9739869934967483,3
zebrafish,FN1B,somites,somites,7.0,True,55,0.06832211272727273,0.09090909090909091,0.753,0.7615,Farrell frozen modules,86.0,64.0,0.9574787393696849,0.9684842421210605,-22.0,-0.011005502751375684,3
zebrafish,FN1B,somites,somites,9.0,True,416,0.4646449885576923,0.44711538461538464,0.92,0.9215,Farrell frozen modules,19.0,19.0,0.9909954977488744,0.9909954977488744,1.0,0.0005002501250626068,3
zebrafish,FOXA,notochord,notochord,7.0,True,114,1.1644578737719298,0.7807017543859649,0.9735,0.95925,Farrell frozen modules,26.0,66.0,0.9874937468734367,0.9674837418709354,43.0,0.021510755377688873,3
zebrafish,FOXA,notochord,notochord,9.0,True,131,1.4631099877862594,0.8244274809160306,0.9815,0.97575,Farrell frozen modules,30.0,1956.0,0.9854927463731866,0.02201100550275137,1926.0,0.9634817408704353,3
zebrafish,FSTL1A,adaxial_cells,adaxial cells,9.0,True,54,0.43157548148148145,0.25925925925925924,0.9245,0.9085,Farrell frozen modules,74.0,75.0,0.9634817408704353,0.9629814907453726,-6.0,-0.0030015007503751967,3
zebrafish,FSTL1A,somites,somites,7.0,True,55,0.04955049454545455,0.05454545454545454,0.718,0.712,Farrell frozen modules,1007.0,773.0,0.4967483741870935,0.6138069034517258,-383.0,-0.19159579789894954,3
zebrafish,FSTL1A,somites,somites,9.0,True,416,0.1175772751923077,0.10336538461538461,0.8005,0.7775,Farrell frozen modules,102.0,239.0,0.9494747373686844,0.8809404702351176,137.0,0.0685342671335668,3
zebrafish,GPM6AB,pharyngeal_endoderm,pharyngeal endoderm,9.0,True,70,0.34010331000000005,0.21428571428571427,0.916,0.90075,Farrell frozen modules,371.0,1823.0,0.8149074537268635,0.08854427213606808,1540.0,0.7703851925962981,3
zebrafish,H1F0,pancreatic_intestinal_endoderm,pancreatic intestinal endoderm,9.0,True,65,0.20508299846153846,0.13846153846153847,0.8755,0.861,Farrell frozen modules,160.0,185.0,0.9204602301150575,0.9079539769884942,65.0,0.03251625812906456,3
zebrafish,HE1A,prechordal_plate,prechordal plate,7.0,True,107,0.0,0.0,0.19975,0.19975,Farrell frozen modules,1735.0,60.0,0.13256628314157082,0.9704852426213106,-1666.0,-0.833416708354177,3
zebrafish,HE1A,prechordal_plate,prechordal plate,9.0,True,109,0.39252938779816515,0.24770642201834864,0.9135,0.8595,Farrell frozen modules,124.0,1998.0,0.9384692346173087,0.0010005002501251026,1874.0,0.9374687343671836,3
zebrafish,HE1B,prechordal_plate,prechordal plate,7.0,True,107,0.0,0.0,0.19975,0.19975,Farrell frozen modules,1627.0,85.0,0.18659329664832414,0.9579789894947474,-1529.0,-0.7648824412206103,3
zebrafish,HE1B,prechordal_plate,prechordal plate,9.0,True,109,0.20849537944954127,0.1559633027522936,0.8635,0.79675,Farrell frozen modules,272.0,1956.0,0.864432216108054,0.02201100550275137,1682.0,0.8414207103551775,3
zebrafish,HER1,somites,somites,7.0,True,55,0.619644968,0.5272727272727272,0.9405,0.9375,Farrell frozen modules,37.0,66.0,0.9819909954977488,0.9674837418709354,45.0,0.022511255627813975,3
zebrafish,HER1,somites,somites,9.0,True,416,0.45676307983173076,0.36778846153846156,0.919,0.90425,Farrell frozen modules,100.0,1991.0,0.9504752376188094,0.004502251125562795,1890.0,0.9454727363681841,3
zebrafish,HER3,pancreatic_intestinal_endoderm,pancreatic intestinal endoderm,9.0,True,65,0.4127183815384615,0.2,0.932,0.90125,Farrell frozen modules,43.0,75.0,0.9789894947473737,0.9629814907453726,27.0,0.013506753376688385,3
zebrafish,HER9,pharyngeal_endoderm,pharyngeal endoderm,9.0,True,70,0.37473478571428576,0.22857142857142856,0.9215,0.908,Farrell frozen modules,6.0,2.0,0.9974987493746873,0.9994997498749375,-4.0,-0.002001000500250205,3
zebrafish,HES6,adaxial_cells,adaxial cells,9.0,True,54,1.6223888740740742,0.8518518518518519,0.989,0.98925,Farrell frozen modules,9.0,15.0,0.9959979989994997,0.9929964982491246,6.0,0.0030015007503750857,3
zebrafish,HES6,pancreatic_intestinal_endoderm,pancreatic intestinal endoderm,9.0,True,65,0.8677463163076923,0.5384615384615384,0.9735,0.97225,Farrell frozen modules,4.0,33.0,0.9984992496248124,0.983991995997999,28.0,0.014007003501750881,3
zebrafish,HES6,somites,somites,7.0,True,55,1.566123166909091,0.8363636363636363,0.985,0.9775,Farrell frozen modules,5.0,4.0,0.9979989994997499,0.9984992496248124,-1.0,-0.0005002501250624958,3
zebrafish,HES6,somites,somites,9.0,True,416,1.7578569048076924,0.8605769230769231,0.989,0.98125,Farrell frozen modules,16.0,19.0,0.992496248124062,0.9909954977488744,3.0,0.0015007503751875984,3
zebrafish,HOXA9B,adaxial_cells,adaxial cells,9.0,True,54,0.0,0.0,0.28125,0.28125,Farrell frozen modules,82.0,60.0,0.959479739869935,0.9704852426213106,-13.0,-0.006503251625812889,3
zebrafish,HOXA9B,pancreatic_intestinal_endoderm,pancreatic intestinal endoderm,9.0,True,65,0.0,0.0,0.27375,0.27375,Farrell frozen modules,42.0,43.0,0.9794897448724362,0.9789894947473737,6.0,0.0030015007503750857,3
zebrafish,HOXB10A,adaxial_cells,adaxial cells,9.0,True,54,0.0,0.0,0.28125,0.28125,Farrell frozen modules,65.0,47.0,0.967983991995998,0.9769884942471235,-11.0,-0.005502751375687787,3
zebrafish,HOXB10A,pancreatic_intestinal_endoderm,pancreatic intestinal endoderm,9.0,True,65,0.02258419076923077,0.015384615384615385,0.64575,0.603,Farrell frozen modules,32.0,37.0,0.9844922461230615,0.9819909954977488,9.0,0.004502251125562795,3
zebrafish,HOXB7A,adaxial_cells,adaxial cells,9.0,True,54,0.22967254074074073,0.16666666666666666,0.8775,0.869,Farrell frozen modules,4.0,2.0,0.9984992496248124,0.9994997498749375,-1.0,-0.0005002501250626068,3
zebrafish,HOXB7A,pancreatic_intestinal_endoderm,pancreatic intestinal endoderm,9.0,True,65,0.1497654887692308,0.1076923076923077,0.8425,0.8315,Farrell frozen modules,6.0,5.0,0.9974987493746873,0.9979989994997499,0.0,0.0,3
zebrafish,HOXB7A,somites,somites,7.0,True,55,0.0,0.0,0.2755,0.2755,Farrell frozen modules,75.0,25.0,0.9629814907453726,0.9879939969984992,-47.0,-0.023511755877938967,3
zebrafish,HOXB7A,somites,somites,9.0,True,416,0.4584466456971154,0.37259615384615385,0.9195,0.9055,Farrell frozen modules,4.0,2.0,0.9984992496248124,0.9994997498749375,-2.0,-0.0010005002501251026,3
zebrafish,HOXB9A,pancreatic_intestinal_endoderm,pancreatic intestinal endoderm,9.0,True,65,0.0971394846153846,0.06153846153846154,0.799,0.771,Farrell frozen modules,29.0,36.0,0.9859929964982491,0.9824912456228114,7.0,0.0035017508754376925,3
zebrafish,HOXC3A,adaxial_cells,adaxial cells,9.0,True,54,0.49962995351851847,0.3148148148148148,0.935,0.92325,Farrell frozen modules,11.0,5.0,0.9949974987493747,0.9979989994997499,-7.0,-0.0035017508754376925,3
zebrafish,HOXC3A,pancreatic_intestinal_endoderm,pancreatic intestinal endoderm,9.0,True,65,0.19843017846153846,0.13846153846153847,0.872,0.861,Farrell frozen modules,4.0,8.0,0.9984992496248124,0.9964982491245623,4.0,0.002001000500250094,3
zebrafish,HOXC8A,adaxial_cells,adaxial cells,9.0,True,54,0.0811345574074074,0.05555555555555555,0.775,0.754,Farrell frozen modules,22.0,11.0,0.9894947473736868,0.9949974987493747,-8.0,-0.004002001000500299,3
zebrafish,HOXC8A,pancreatic_intestinal_endoderm,pancreatic intestinal endoderm,9.0,True,65,0.23596893076923078,0.15384615384615385,0.8885,0.87275,Farrell frozen modules,20.0,20.0,0.9904952476238119,0.9904952476238119,0.0,0.0,3
zebrafish,HOXD9A,pancreatic_intestinal_endoderm,pancreatic intestinal endoderm,9.0,True,65,0.0,0.0,0.27375,0.27375,Farrell frozen modules,53.0,45.0,0.9739869934967483,0.9779889944972486,-1.0,-0.0005002501250624958,3
zebrafish,ID1,somites,somites,7.0,True,55,1.5253511563636364,0.8363636363636363,0.984,0.9775,Farrell frozen modules,13.0,8.0,0.9939969984992496,0.9964982491245623,-5.0,-0.002501250625312701,3
zebrafish,ID1,somites,somites,9.0,True,416,1.9577535368749999,0.9447115384615384,0.9905,0.9915,Farrell frozen modules,14.0,33.0,0.9934967483741871,0.983991995997999,19.0,0.009504752376188086,3
zebrafish,ID3,pharyngeal_endoderm,pharyngeal endoderm,9.0,True,70,0.45081024999999997,0.2857142857142857,0.9335,0.9305,Farrell frozen modules,85.0,950.0,0.9579789894947474,0.5252626313156579,875.0,0.4377188594297148,3
zebrafish,ID3,prechordal_plate,prechordal plate,7.0,True,107,2.3285248130841123,1.0,0.9915,0.99475,Farrell frozen modules,8.0,13.0,0.9964982491245623,0.9939969984992496,4.0,0.002001000500250205,3
zebrafish,ID3,prechordal_plate,prechordal plate,9.0,True,109,2.2254416980733946,0.981651376146789,0.988,0.98925,Farrell frozen modules,10.0,24.0,0.9954977488744372,0.9884942471235618,15.0,0.007503751875937881,3
zebrafish,IRX7,pharyngeal_endoderm,pharyngeal endoderm,9.0,True,70,1.0559162471428571,0.5428571428571428,0.979,0.96975,Farrell frozen modules,36.0,544.0,0.9824912456228114,0.7283641820910456,496.0,0.24812406203101545,3
zebrafish,ITGB1BP2,adaxial_cells,adaxial cells,9.0,True,54,0.039152483333333335,0.037037037037037035,0.701,0.70625,Farrell frozen modules,150.0,130.0,0.9254627313656828,0.9354677338669335,-20.0,-0.010005002501250693,3
zebrafish,ITM2CB,adaxial_cells,adaxial cells,9.0,True,54,0.19229373333333333,0.14814814814814814,0.863,0.859,Farrell frozen modules,43.0,85.0,0.9789894947473737,0.9579789894947474,47.0,0.023511755877938967,3
zebrafish,JUN,pharyngeal_endoderm,pharyngeal endoderm,9.0,True,70,0.1491575102857143,0.11428571428571428,0.846,0.84475,Farrell frozen modules,19.0,25.0,0.9909954977488744,0.9879939969984992,3.0,0.0015007503751875984,3
zebrafish,KAZALD2,somites,somites,7.0,True,55,0.04297847090909091,0.07272727272727272,0.708,0.739,Farrell frozen modules,319.0,107.0,0.840920460230115,0.9469734867433717,-219.0,-0.10955477738869435,3
zebrafish,KAZALD2,somites,somites,9.0,True,416,0.1367127656730769,0.13701923076923078,0.815,0.80725,Farrell frozen modules,167.0,232.0,0.9169584792396198,0.8844422211105553,65.0,0.03251625812906456,3
zebrafish,KRT18,pharyngeal_endoderm,pharyngeal endoderm,9.0,True,70,0.5076117771428571,0.24285714285714285,0.945,0.915,Farrell frozen modules,119.0,271.0,0.9409704852426213,0.8649324662331166,182.0,0.09104552276138067,3
zebrafish,KRT18,prechordal_plate,prechordal plate,7.0,True,107,1.1637649272897197,0.7102803738317757,0.9695,0.93275,Farrell frozen modules,235.0,30.0,0.8829414707353677,0.9854927463731866,-210.0,-0.10505252626313155,3
zebrafish,KRT18,prechordal_plate,prechordal plate,9.0,True,109,2.309328432385321,0.9174311926605505,0.989,0.98025,Farrell frozen modules,4.0,63.0,0.9984992496248124,0.968984492246123,59.0,0.02951475737868936,3
zebrafish,KRT8,pharyngeal_endoderm,pharyngeal endoderm,9.0,True,70,0.3291972202857143,0.22857142857142856,0.9125,0.908,Farrell frozen modules,45.0,98.0,0.9779889944972486,0.9514757378689345,67.0,0.03351675837918955,3
zebrafish,LRATB,adaxial_cells,adaxial cells,9.0,True,54,0.5411343524074074,0.4074074074074074,0.9395,0.94325,Farrell frozen modules,37.0,32.0,0.9819909954977488,0.9844922461230615,-5.0,-0.002501250625312701,3
zebrafish,LRRC59,notochord,notochord,7.0,True,114,0.9163418078070175,0.8157894736842105,0.961,0.96475,Farrell frozen modules,37.0,1261.0,0.9819909954977488,0.3696848424212106,1240.0,0.6203101550775388,3
zebrafish,LRRC59,notochord,notochord,9.0,True,131,1.6685664435114504,0.9236641221374046,0.9855,0.98775,Farrell frozen modules,14.0,47.0,0.9934967483741871,0.9769884942471235,34.0,0.017008504252126078,3
zebrafish,LRRC59,prechordal_plate,prechordal plate,7.0,True,107,1.1400088556074768,0.8878504672897196,0.9675,0.96525,Farrell frozen modules,158.0,1272.0,0.9214607303651826,0.3641820910455228,1116.0,0.5582791395697849,3
zebrafish,LRRC59,prechordal_plate,prechordal plate,9.0,True,109,1.5772453783486238,0.9541284403669725,0.9805,0.986,Farrell frozen modules,110.0,390.0,0.9454727363681841,0.8054027013506754,280.0,0.1400700350175087,3
zebrafish,LSP1,pharyngeal_endoderm,pharyngeal endoderm,9.0,True,70,0.21572762285714286,0.15714285714285714,0.878,0.875,Farrell frozen modules,87.0,71.0,0.9569784892446223,0.9649824912456229,-12.0,-0.006003001500750393,3
zebrafish,MARCKSL1B,pancreatic_intestinal_endoderm,pancreatic intestinal endoderm,9.0,True,65,2.7639225,0.9384615384615385,0.995,0.99375,Farrell frozen modules,1999.0,1999.0,0.0005002501250624958,0.0005002501250624958,0.0,0.0,3
zebrafish,MARCKSL1B,pharyngeal_endoderm,pharyngeal endoderm,9.0,True,70,3.0541830657142857,0.9571428571428572,0.996,0.9945,Farrell frozen modules,1993.0,1997.0,0.0035017508754376925,0.0015007503751875984,3.0,0.0015007503751875984,3
zebrafish,MCAMA,pharyngeal_endoderm,pharyngeal endoderm,9.0,True,70,0.06469886028571428,0.05714285714285714,0.761,0.76625,Farrell frozen modules,328.0,220.0,0.8364182091045522,0.8904452226113057,-45.0,-0.022511255627813864,3
zebrafish,MDKA,somites,somites,7.0,True,55,0.04876098472727273,0.07272727272727272,0.7165,0.739,Farrell frozen modules,1858.0,1680.0,0.0710355177588794,0.16008004002000997,-178.0,-0.08904452226113058,3
zebrafish,MDKA,somites,somites,9.0,True,416,0.14874299927884616,0.12259615384615384,0.8235,0.79525,Farrell frozen modules,58.0,31.0,0.9714857428714357,0.984992496248124,-25.0,-0.012506253126563283,3
zebrafish,MEF2D,adaxial_cells,adaxial cells,9.0,True,54,0.8083128907407406,0.4444444444444444,0.959,0.94925,Farrell frozen modules,54.0,51.0,0.9734867433716858,0.9749874937468734,-3.0,-0.0015007503751875984,3
zebrafish,MEOX1,somites,somites,7.0,True,55,0.0121834,0.01818181818181818,0.58525,0.60025,Farrell frozen modules,108.0,34.0,0.9464732366183092,0.9834917458729364,-64.0,-0.03201600800400195,3
zebrafish,MEOX1,somites,somites,9.0,True,416,0.31204015247596156,0.21153846153846154,0.8895,0.849,Farrell frozen modules,5.0,4.0,0.9979989994997499,0.9984992496248124,1.0,0.0005002501250624958,3
zebrafish,MSGN1,adaxial_cells,adaxial cells,9.0,True,54,2.814378375925926,0.9444444444444444,0.995,0.99375,Farrell frozen modules,2.0,4.0,0.9994997498749375,0.9984992496248124,3.0,0.0015007503751875984,3
zebrafish,MYF5,adaxial_cells,adaxial cells,9.0,True,54,2.1565502148148146,0.8888888888888888,0.9925,0.99175,Farrell frozen modules,1.0,8.0,1.0,0.9964982491245623,6.0,0.0030015007503751967,3
zebrafish,MYF5,somites,somites,7.0,True,55,0.34090528309090906,0.3090909090909091,0.899,0.89075,Farrell frozen modules,50.0,23.0,0.9754877438719359,0.9889944972486243,-26.0,-0.01300650325162589,3
zebrafish,MYF5,somites,somites,9.0,True,416,0.6018163302403846,0.36538461538461536,0.9375,0.903,Farrell frozen modules,6.0,22.0,0.9974987493746873,0.9894947473736868,16.0,0.008004002001000488,3
zebrafish,MYL10,adaxial_cells,adaxial cells,9.0,True,54,1.267203253703704,0.5740740740740741,0.9775,0.96475,Farrell frozen modules,28.0,78.0,0.9864932466233116,0.961480740370185,50.0,0.025012506253126565,3
zebrafish,MYOD1,adaxial_cells,adaxial cells,9.0,True,54,1.29885288537037,0.6666666666666666,0.979,0.974,Farrell frozen modules,20.0,1595.0,0.9904952476238119,0.2026013006503251,1575.0,0.7878939469734868,3
zebrafish,NEXN,adaxial_cells,adaxial cells,9.0,True,54,0.022679174074074073,0.018518518518518517,0.6385,0.6185,Farrell frozen modules,517.0,951.0,0.7418709354677339,0.5247623811905953,434.0,0.2171085542771386,3
zebrafish,NID2A,somites,somites,7.0,True,55,0.5037810147272728,0.43636363636363634,0.9255,0.92125,Farrell frozen modules,24.0,20.0,0.9884942471235618,0.9904952476238119,-7.0,-0.0035017508754376925,3
zebrafish,NID2A,somites,somites,9.0,True,416,0.9256008145673077,0.75,0.964,0.9675,Farrell frozen modules,21.0,61.0,0.9899949974987494,0.9699849924962481,38.0,0.019009504752376172,3
zebrafish,NKX1.2LA,pancreatic_intestinal_endoderm,pancreatic intestinal endoderm,9.0,True,65,0.0,0.0,0.27375,0.27375,Farrell frozen modules,214.0,232.0,0.8934467233616809,0.8844422211105553,43.0,0.021510755377688873,3
zebrafish,NOTO,pancreatic_intestinal_endoderm,pancreatic intestinal endoderm,9.0,True,65,0.055728030769230774,0.046153846153846156,0.7445,0.74,Farrell frozen modules,282.0,227.0,0.8594297148574287,0.886943471735868,-15.0,-0.007503751875937992,3
zebrafish,NR2F5,somites,somites,7.0,True,55,0.0,0.0,0.2755,0.2755,Farrell frozen modules,236.0,167.0,0.8824412206103052,0.9169584792396198,-61.0,-0.030515257628814463,3
zebrafish,NR2F5,somites,somites,9.0,True,416,0.014718147836538463,0.016826923076923076,0.5915,0.5825,Farrell frozen modules,331.0,190.0,0.8349174587293646,0.9054527263631816,-109.0,-0.054527263631815925,3
zebrafish,NTD5,adaxial_cells,adaxial cells,9.0,True,54,0.4857796583333333,0.3148148148148148,0.933,0.92325,Farrell frozen modules,168.0,1706.0,0.9164582291145573,0.1470735367683842,1525.0,0.7628814407203601,3
zebrafish,NTD5,notochord,notochord,7.0,True,114,0.6577186368421053,0.543859649122807,0.939,0.92125,Farrell frozen modules,6.0,13.0,0.9974987493746873,0.9939969984992496,7.0,0.0035017508754376925,3
zebrafish,NTD5,notochord,notochord,9.0,True,131,1.7985309316030533,0.8625954198473282,0.987,0.982,Farrell frozen modules,12.0,1774.0,0.9944972486243121,0.11305652826413204,1762.0,0.8814407203601801,3
zebrafish,P4HA1B,notochord,notochord,7.0,True,114,0.2076128103508772,0.24561403508771928,0.846,0.82,Farrell frozen modules,31.0,28.0,0.984992496248124,0.9864932466233116,-3.0,-0.0015007503751875984,3
zebrafish,P4HA1B,notochord,notochord,9.0,True,131,1.4523732752671756,0.8091603053435115,0.981,0.97275,Farrell frozen modules,20.0,1990.0,0.9904952476238119,0.005002501250625291,1968.0,0.9844922461230615,3
zebrafish,PAK1,notochord,notochord,7.0,True,114,0.1555169012280702,0.2543859649122807,0.815,0.82575,Farrell frozen modules,143.0,79.0,0.9289644822411206,0.9609804902451226,-61.0,-0.030515257628814352,3
zebrafish,PAK1,notochord,notochord,9.0,True,131,0.6332144514503817,0.5038167938931297,0.9455,0.9415,Farrell frozen modules,34.0,1987.0,0.9834917458729364,0.006503251625812889,1953.0,0.9769884942471235,3
zebrafish,PBXIP1B,adaxial_cells,adaxial cells,9.0,True,54,0.18835709814814813,0.1111111111111111,0.8615,0.83025,Farrell frozen modules,119.0,134.0,0.9409704852426213,0.9334667333666833,5.0,0.00250125062531259,3
zebrafish,PCDH8,somites,somites,7.0,True,55,0.7303276967272726,0.6181818181818182,0.9515,0.95025,Farrell frozen modules,49.0,1095.0,0.9759879939969985,0.45272636318159076,1059.0,0.5297648824412207,3
zebrafish,PCDH8,somites,somites,9.0,True,416,0.7130591980528845,0.5841346153846154,0.947,0.9435,Farrell frozen modules,38.0,1725.0,0.9814907453726863,0.1375687843921961,1688.0,0.8444222111055527,3
zebrafish,PITX2,prechordal_plate,prechordal plate,7.0,True,107,0.8560789077570093,0.8598130841121495,0.95,0.9585,Farrell frozen modules,43.0,34.0,0.9789894947473737,0.9834917458729364,-10.0,-0.005002501250625291,3
zebrafish,PITX2,prechordal_plate,prechordal plate,9.0,True,109,1.1600483458715596,0.8715596330275229,0.9725,0.97575,Farrell frozen modules,9.0,13.0,0.9959979989994997,0.9939969984992496,4.0,0.002001000500250094,3
zebrafish,PLOD1A,notochord,notochord,7.0,True,114,0.3355988754385965,0.35964912280701755,0.8905,0.87,Farrell frozen modules,19.0,24.0,0.9909954977488744,0.9884942471235618,5.0,0.00250125062531259,3
zebrafish,PLOD1A,notochord,notochord,9.0,True,131,1.4828219416030535,0.8473282442748091,0.982,0.98,Farrell frozen modules,21.0,1989.0,0.9899949974987494,0.005502751375687898,1968.0,0.9844922461230615,3
zebrafish,PLP2,notochord,notochord,7.0,True,114,0.1051981048245614,0.15789473684210525,0.779,0.7735,Farrell frozen modules,55.0,35.0,0.9729864932466233,0.9829914957478739,-14.0,-0.007003501750875385,3
zebrafish,PLP2,notochord,notochord,9.0,True,131,0.7894890951145038,0.6106870229007634,0.956,0.9545,Farrell frozen modules,38.0,91.0,0.9814907453726863,0.9549774887443722,49.0,0.02451225612806407,3
zebrafish,PLP2,somites,somites,7.0,True,55,0.06404415454545455,0.05454545454545454,0.747,0.712,Farrell frozen modules,95.0,36.0,0.9529764882441221,0.9824912456228114,-55.0,-0.027513756878439266,3
zebrafish,PLP2,somites,somites,9.0,True,416,0.3528834390625,0.3605769230769231,0.899,0.901,Farrell frozen modules,33.0,28.0,0.983991995997999,0.9864932466233116,0.0,0.0,3
zebrafish,PLTP,pharyngeal_endoderm,pharyngeal endoderm,9.0,True,70,0.2632870457142857,0.18571428571428572,0.8935,0.8895,Farrell frozen modules,308.0,286.0,0.8464232116058029,0.8574287143571786,12.0,0.006003001500750393,3
zebrafish,PMP22B,notochord,notochord,7.0,True,114,0.007833788245614036,0.008771929824561403,0.51975,0.4625,Farrell frozen modules,71.0,37.0,0.9649824912456229,0.9819909954977488,-28.0,-0.014007003501750881,3
zebrafish,PMP22B,notochord,notochord,9.0,True,131,0.83901204740458,0.4961832061068702,0.958,0.9405,Farrell frozen modules,5.0,1982.0,0.9979989994997499,0.00900450225112559,1974.0,0.9874937468734367,3
zebrafish,PPP1R14C,notochord,notochord,7.0,True,114,0.4261297552631579,0.4649122807017544,0.9105,0.90175,Farrell frozen modules,16.0,16.0,0.992496248124062,0.992496248124062,0.0,0.0,3
zebrafish,PPP1R14C,notochord,notochord,9.0,True,131,1.496338975419847,0.8473282442748091,0.9825,0.98,Farrell frozen modules,6.0,70.0,0.9974987493746873,0.9654827413706853,61.0,0.030515257628814352,3
zebrafish,PRDM1A,adaxial_cells,adaxial cells,9.0,True,54,0.30938465555555555,0.2222222222222222,0.902,0.89675,Farrell frozen modules,131.0,1651.0,0.9349674837418709,0.17458729364682346,1520.0,0.7603801900950474,3
zebrafish,PRDX5,pharyngeal_endoderm,pharyngeal endoderm,9.0,True,70,0.4908424548571429,0.24285714285714285,0.941,0.915,Farrell frozen modules,147.0,666.0,0.9269634817408704,0.6673336668334167,560.0,0.2801400700350175,3
zebrafish,PTGDSB,pancreatic_intestinal_endoderm,pancreatic intestinal endoderm,9.0,True,65,0.4171135989230769,0.26153846153846155,0.9325,0.92525,Farrell frozen modules,59.0,51.0,0.9709854927463731,0.9749874937468734,-4.0,-0.002001000500250205,3
zebrafish,PTGES3L,adaxial_cells,adaxial cells,9.0,True,54,0.07692771203703704,0.07407407407407407,0.7705,0.787,Farrell frozen modules,1572.0,1833.0,0.2141070535267634,0.08354177088544268,172.0,0.08604302151075538,3
zebrafish,RBM24A,adaxial_cells,adaxial cells,9.0,True,54,0.47428195833333336,0.3148148148148148,0.9315,0.92325,Farrell frozen modules,79.0,29.0,0.9609804902451226,0.9859929964982491,-53.0,-0.026513256628314164,3
zebrafish,RBM38,adaxial_cells,adaxial cells,9.0,True,54,1.7341356777777777,0.8518518518518519,0.9905,0.98925,Farrell frozen modules,14.0,13.0,0.9934967483741871,0.9939969984992496,-2.0,-0.0010005002501249916,3
zebrafish,RCN3,notochord,notochord,7.0,True,114,0.05486487078947368,0.11403508771929824,0.719,0.7435,Farrell frozen modules,76.0,45.0,0.9624812406203102,0.9779889944972486,-33.0,-0.016508254127063582,3
zebrafish,RCN3,notochord,notochord,9.0,True,131,0.853147680687023,0.5801526717557252,0.9585,0.9525,Farrell frozen modules,8.0,57.0,0.9964982491245623,0.9719859929964982,46.0,0.02301150575287647,3
zebrafish,RIPPLY1,somites,somites,7.0,True,55,0.3992843774545454,0.2909090909090909,0.9095,0.88375,Farrell frozen modules,146.0,197.0,0.927463731865933,0.9019509754877438,44.0,0.02201100550275137,3
zebrafish,RIPPLY1,somites,somites,9.0,True,416,0.3785767771394231,0.2403846153846154,0.906,0.861,Farrell frozen modules,20.0,95.0,0.9904952476238119,0.9529764882441221,75.0,0.03751875937968985,3
zebrafish,RIPPLY2,somites,somites,7.0,True,55,0.18008097254545455,0.21818181818181817,0.843,0.854,Farrell frozen modules,133.0,252.0,0.9339669834917459,0.8744372186093047,119.0,0.059529764882441216,3
zebrafish,RIPPLY2,somites,somites,9.0,True,416,0.355789332548077,0.2764423076923077,0.9,0.87875,Farrell frozen modules,280.0,1994.0,0.8604302151075538,0.0030015007503751967,1717.0,0.8589294647323662,3
zebrafish,RRBP1B,notochord,notochord,7.0,True,114,0.392797162368421,0.4298245614035088,0.9045,0.889,Farrell frozen modules,47.0,34.0,0.9769884942471235,0.9834917458729364,-13.0,-0.006503251625812889,3
zebrafish,RRBP1B,notochord,notochord,9.0,True,131,1.2976563253435112,0.7786259541984732,0.9735,0.96975,Farrell frozen modules,18.0,461.0,0.991495747873937,0.7698849424712356,441.0,0.2206103051525763,3
zebrafish,RRBP1B,prechordal_plate,prechordal plate,7.0,True,107,1.4637429092523364,0.9626168224299065,0.9785,0.979,Farrell frozen modules,15.0,8.0,0.9929964982491246,0.9964982491245623,-7.0,-0.0035017508754376925,3
zebrafish,RRBP1B,prechordal_plate,prechordal plate,9.0,True,109,2.6847941880733943,0.9908256880733946,0.9945,0.99125,Farrell frozen modules,5.0,39.0,0.9979989994997499,0.9809904952476238,33.0,0.01650825412706347,3
zebrafish,SALL4,pancreatic_intestinal_endoderm,pancreatic intestinal endoderm,9.0,True,65,0.2919393573846154,0.23076923076923078,0.9095,0.91425,Farrell frozen modules,33.0,74.0,0.983991995997999,0.9634817408704353,32.0,0.016008004002000975,3
zebrafish,SERPINH1B,adaxial_cells,adaxial cells,9.0,True,54,1.3042352222222222,0.6666666666666666,0.98,0.974,Farrell frozen modules,5.0,34.0,0.9979989994997499,0.9834917458729364,29.0,0.014507253626813488,3
zebrafish,SERPINH1B,notochord,notochord,7.0,True,114,1.0044087511403508,0.7017543859649122,0.969,0.947,Farrell frozen modules,1.0,4.0,1.0,0.9984992496248124,3.0,0.0015007503751875984,3
zebrafish,SERPINH1B,notochord,notochord,9.0,True,131,2.332558907099237,0.9389312977099237,0.9935,0.99,Farrell frozen modules,1.0,19.0,1.0,0.9909954977488744,18.0,0.00900450225112559,3
zebrafish,SERPINH1B,pancreatic_intestinal_endoderm,pancreatic intestinal endoderm,9.0,True,65,0.3627862946153846,0.23076923076923078,0.925,0.91425,Farrell frozen modules,13.0,51.0,0.9939969984992496,0.9749874937468734,39.0,0.019509754877438668,3
zebrafish,SERPINH1B,somites,somites,7.0,True,55,0.5244192998181818,0.4727272727272727,0.9295,0.92775,Farrell frozen modules,15.0,23.0,0.9929964982491246,0.9889944972486243,6.0,0.0030015007503751967,3
zebrafish,SERPINH1B,somites,somites,9.0,True,416,0.9988474079086539,0.6875,0.967,0.96,Farrell frozen modules,9.0,46.0,0.9959979989994997,0.9774887443721861,36.0,0.01800900450225107,3
zebrafish,SI:CH211-101L18.8,adaxial_cells,adaxial cells,9.0,True,54,0.4711794314814815,0.35185185185185186,0.931,0.9325,Farrell frozen modules,84.0,38.0,0.9584792396198099,0.9814907453726863,-46.0,-0.02301150575287647,3
zebrafish,SI:CH211-152C2.3,pharyngeal_endoderm,pharyngeal endoderm,9.0,True,70,3.388452901428571,1.0,0.9975,0.99825,Farrell frozen modules,1979.0,1971.0,0.010505252626313188,0.014507253626813377,-14.0,-0.007003501750875385,3
zebrafish,SI:CH211-156J16.1,pharyngeal_endoderm,pharyngeal endoderm,9.0,True,70,0.47202017,0.22857142857142856,0.937,0.908,Farrell frozen modules,156.0,130.0,0.9224612306153077,0.9354677338669335,15.0,0.007503751875937992,3
zebrafish,SI:CH73-234B20.5,pharyngeal_endoderm,pharyngeal endoderm,9.0,True,70,0.10007797285714284,0.07142857142857142,0.81,0.79375,Farrell frozen modules,722.0,1184.0,0.6393196598299149,0.40820410205102553,293.0,0.1465732866433216,3
zebrafish,SI:DKEY-11C5.14,adaxial_cells,adaxial cells,9.0,True,54,0.09181877407407407,0.07407407407407407,0.793,0.787,Farrell frozen modules,13.0,1.0,0.9939969984992496,1.0,-9.0,-0.004502251125562795,3
zebrafish,SI:DKEY-11C5.14,pancreatic_intestinal_endoderm,pancreatic intestinal endoderm,9.0,True,65,0.14039000923076925,0.09230769230769231,0.837,0.815,Farrell frozen modules,54.0,44.0,0.9734867433716858,0.9784892446223111,-3.0,-0.0015007503751875984,3
zebrafish,SI:DKEY-11C5.14,somites,somites,7.0,True,55,0.0,0.0,0.2755,0.2755,Farrell frozen modules,164.0,56.0,0.9184592296148074,0.9724862431215607,-104.0,-0.052026013006503224,3
zebrafish,SI:DKEY-11C5.14,somites,somites,9.0,True,416,0.09333852031249999,0.10576923076923077,0.784,0.78125,Farrell frozen modules,18.0,5.0,0.991495747873937,0.9979989994997499,-12.0,-0.006003001500750393,3
zebrafish,SI:DKEY-239J18.2,prechordal_plate,prechordal plate,7.0,True,107,0.03083012439252337,0.06542056074766354,0.6575,0.674,Farrell frozen modules,1706.0,57.0,0.1470735367683842,0.9719859929964982,-1634.0,-0.817408704352176,3
zebrafish,SI:DKEY-239J18.2,prechordal_plate,prechordal plate,9.0,True,109,0.8761676586238534,0.6238532110091743,0.9575,0.94025,Farrell frozen modules,338.0,1961.0,0.8314157078539269,0.019509754877438668,1577.0,0.7888944472236118,3
zebrafish,SI:DKEY-239J18.3,prechordal_plate,prechordal plate,7.0,True,107,0.02157186523364486,0.028037383177570093,0.6145,0.57,Farrell frozen modules,418.0,137.0,0.7913956978489245,0.9319659829914957,-240.0,-0.12006003001500742,3
zebrafish,SI:DKEY-239J18.3,prechordal_plate,prechordal plate,9.0,True,109,0.26124016871559635,0.29357798165137616,0.882,0.87225,Farrell frozen modules,1785.0,1992.0,0.10755377688844425,0.004002001000500299,207.0,0.10355177588794395,3
zebrafish,SI:DKEY-261H17.1,notochord,notochord,7.0,True,114,0.15118266377192982,0.24561403508771928,0.8135,0.82,Farrell frozen modules,43.0,30.0,0.9789894947473737,0.9854927463731866,-13.0,-0.006503251625812889,3
zebrafish,SI:DKEY-261H17.1,notochord,notochord,9.0,True,131,1.186565879923664,0.7786259541984732,0.9705,0.96975,Farrell frozen modules,13.0,107.0,0.9939969984992496,0.9469734867433717,93.0,0.04652326163081544,3
zebrafish,SI:DKEY-261H17.1,pharyngeal_endoderm,pharyngeal endoderm,9.0,True,70,0.021554895714285715,0.014285714285714285,0.62875,0.5835,Farrell frozen modules,363.0,171.0,0.8189094547273637,0.9149574787393697,-73.0,-0.036518259129564856,3
zebrafish,SI:DKEY-269I1.3,prechordal_plate,prechordal plate,7.0,True,107,0.05060889635514019,0.06542056074766354,0.7105,0.674,Farrell frozen modules,1430.0,50.0,0.2851425712856428,0.9754877438719359,-1364.0,-0.6823411705852926,3
zebrafish,SI:DKEY-269I1.3,prechordal_plate,prechordal plate,9.0,True,109,0.8827083886238533,0.5688073394495413,0.958,0.933,Farrell frozen modules,333.0,1997.0,0.8339169584792396,0.0015007503751875984,1661.0,0.8309154577288644,3
zebrafish,SI:DKEY-26G8.5,prechordal_plate,prechordal plate,7.0,True,107,0.08937882009345796,0.12149532710280374,0.7675,0.73775,Farrell frozen modules,1696.0,40.0,0.15207603801900949,0.9804902451225613,-1636.0,-0.8184092046023012,3
zebrafish,SI:DKEY-26G8.5,prechordal_plate,prechordal plate,9.0,True,109,1.1039637920183485,0.6697247706422018,0.97,0.9485,Farrell frozen modules,606.0,1927.0,0.6973486743371686,0.036518259129564745,673.0,0.33666833416708364,3
zebrafish,SNAI1A,adaxial_cells,adaxial cells,9.0,True,54,1.4183842851851853,0.7962962962962963,0.984,0.984,Farrell frozen modules,24.0,67.0,0.9884942471235618,0.966983491745873,50.0,0.025012506253126565,3
zebrafish,SOX19A,pancreatic_intestinal_endoderm,pancreatic intestinal endoderm,9.0,True,65,0.5779807369230769,0.3230769230769231,0.955,0.943,Farrell frozen modules,39.0,24.0,0.9809904952476238,0.9884942471235618,-14.0,-0.007003501750875385,3
zebrafish,SOX2,pancreatic_intestinal_endoderm,pancreatic intestinal endoderm,9.0,True,65,0.31294128969230767,0.2153846153846154,0.9175,0.90825,Farrell frozen modules,118.0,51.0,0.9414707353676839,0.9749874937468734,-58.0,-0.029014507253626753,3
zebrafish,SP5L,pancreatic_intestinal_endoderm,pancreatic intestinal endoderm,9.0,True,65,1.0766461792307693,0.6461538461538462,0.9805,0.98025,Farrell frozen modules,1683.0,1970.0,0.15857928964482237,0.015007503751875984,27.0,0.013506753376688274,3
zebrafish,STMN1A,pancreatic_intestinal_endoderm,pancreatic intestinal endoderm,9.0,True,65,1.4581221587692308,0.7692307692307693,0.9865,0.9855,Farrell frozen modules,1954.0,79.0,0.02301150575287647,0.9609804902451226,-1878.0,-0.9394697348674337,3
zebrafish,TA,notochord,notochord,7.0,True,114,1.9584964775438594,0.9649122807017544,0.9905,0.986,Farrell frozen modules,10.0,87.0,0.9954977488744372,0.9569784892446223,77.0,0.03851925962981495,3
zebrafish,TA,notochord,notochord,9.0,True,131,2.421841771984733,0.9465648854961832,0.994,0.991,Farrell frozen modules,11.0,1993.0,0.9949974987493747,0.0035017508754376925,1980.0,0.9904952476238119,3
zebrafish,TAGLN2,pharyngeal_endoderm,pharyngeal endoderm,9.0,True,70,0.4110442308571428,0.2,0.9295,0.89425,Farrell frozen modules,114.0,333.0,0.943471735867934,0.8339169584792396,295.0,0.1475737868934467,3
zebrafish,TBX16,adaxial_cells,adaxial cells,9.0,True,54,3.1338661462962967,0.9814814814814815,0.9975,0.99525,Farrell frozen modules,42.0,1964.0,0.9794897448724362,0.01800900450225118,1919.0,0.9599799899949976,3
zebrafish,TBX6,somites,somites,7.0,True,55,0.09166610909090908,0.10909090909090909,0.7815,0.78275,Farrell frozen modules,165.0,65.0,0.9179589794897449,0.967983991995998,-93.0,-0.04652326163081533,3
zebrafish,TBX6,somites,somites,9.0,True,416,0.4678270417307692,0.3173076923076923,0.9215,0.891,Farrell frozen modules,85.0,1964.0,0.9579789894947474,0.01800900450225118,1879.0,0.9399699849924962,3
zebrafish,TBX6L,adaxial_cells,adaxial cells,9.0,True,54,0.5687233777777778,0.4074074074074074,0.9435,0.94325,Farrell frozen modules,48.0,36.0,0.976488244122061,0.9824912456228114,-12.0,-0.006003001500750393,3
zebrafish,TCF15,somites,somites,7.0,True,55,0.013210821090909092,0.01818181818181818,0.6025,0.60025,Farrell frozen modules,111.0,31.0,0.9449724862431216,0.984992496248124,-76.0,-0.038019009504752344,3
zebrafish,TCF15,somites,somites,9.0,True,416,0.4488489434855769,0.35096153846153844,0.9185,0.8995,Farrell frozen modules,11.0,14.0,0.9949974987493747,0.9934967483741871,3.0,0.0015007503751875984,3
zebrafish,TGFBI,somites,somites,7.0,True,55,0.0,0.0,0.2755,0.2755,Farrell frozen modules,578.0,461.0,0.7113556778389194,0.7698849424712356,-69.0,-0.03451725862931465,3
zebrafish,TGFBI,somites,somites,9.0,True,416,0.005971253822115385,0.009615384615384616,0.4915,0.51525,Farrell frozen modules,433.0,292.0,0.7838919459729865,0.8544272136068034,-104.0,-0.052026013006503224,3
zebrafish,TNNI2B.1,adaxial_cells,adaxial cells,9.0,True,54,0.14193708962962961,0.12962962962962962,0.833,0.84475,Farrell frozen modules,154.0,166.0,0.9234617308654327,0.9174587293646823,11.0,0.005502751375687898,3
zebrafish,TOB1A,adaxial_cells,adaxial cells,9.0,True,54,1.561942685185185,0.7962962962962963,0.987,0.984,Farrell frozen modules,3.0,28.0,0.9989994997498749,0.9864932466233116,24.0,0.012006003001500787,3
zebrafish,TPMA,adaxial_cells,adaxial cells,9.0,True,54,0.013045987592592592,0.018518518518518517,0.5645,0.6185,Farrell frozen modules,571.0,1775.0,0.7148574287143572,0.11255627813906954,1204.0,0.6023011505752877,3
zebrafish,TRAM1,prechordal_plate,prechordal plate,7.0,True,107,1.3285784394392521,0.8691588785046729,0.9745,0.96075,Farrell frozen modules,92.0,27.0,0.9544772386193097,0.9869934967483742,-34.0,-0.017008504252126078,3
zebrafish,TRAM1,prechordal_plate,prechordal plate,9.0,True,109,2.6714744316513763,0.9908256880733946,0.994,0.99125,Farrell frozen modules,17.0,159.0,0.9919959979989995,0.9209604802401201,141.0,0.0705352676338169,3
zebrafish,TRIM109,adaxial_cells,adaxial cells,9.0,True,54,0.23211135444444445,0.18518518518518517,0.88,0.88025,Farrell frozen modules,136.0,121.0,0.9324662331165583,0.9399699849924963,-16.0,-0.008004002001000488,3
zebrafish,TTNA,adaxial_cells,adaxial cells,9.0,True,54,0.5449858842592592,0.35185185185185186,0.941,0.9325,Farrell frozen modules,181.0,205.0,0.9099549774887443,0.8979489744872436,24.0,0.012006003001500676,3
zebrafish,TTNB,adaxial_cells,adaxial cells,9.0,True,54,1.0587742537037037,0.5925925925925926,0.971,0.967,Farrell frozen modules,73.0,102.0,0.9639819909954978,0.9494747373686844,29.0,0.014507253626813377,3
zebrafish,TUBA1A,pancreatic_intestinal_endoderm,pancreatic intestinal endoderm,9.0,True,65,0.37893220123076926,0.2923076923076923,0.9275,0.934,Farrell frozen modules,22.0,10.0,0.9894947473736868,0.9954977488744372,-12.0,-0.006003001500750393,3
zebrafish,TUBA8L2,somites,somites,7.0,True,55,0.42327408218181817,0.43636363636363634,0.9145,0.92125,Farrell frozen modules,26.0,18.0,0.9874937468734367,0.991495747873937,-10.0,-0.005002501250625291,3
zebrafish,TUBA8L2,somites,somites,9.0,True,416,1.0129343447596155,0.7764423076923077,0.9675,0.971,Farrell frozen modules,47.0,190.0,0.9769884942471235,0.9054527263631816,133.0,0.0665332666333166,3
zebrafish,TWIST2,notochord,notochord,7.0,True,114,0.8554706190350876,0.5087719298245614,0.956,0.9135,Farrell frozen modules,5.0,15.0,0.9979989994997499,0.9929964982491246,10.0,0.005002501250625291,3
zebrafish,TWIST2,notochord,notochord,9.0,True,131,2.0679649289312976,0.8244274809160306,0.9905,0.97575,Farrell frozen modules,21.0,1998.0,0.9899949974987494,0.0010005002501251026,1977.0,0.9889944972486243,3
zebrafish,TXLNBA,adaxial_cells,adaxial cells,9.0,True,54,0.014213291666666667,0.018518518518518517,0.568,0.6185,Farrell frozen modules,248.0,207.0,0.8764382191095548,0.8969484742371185,-41.0,-0.02051025512756377,3
zebrafish,UNC45B,adaxial_cells,adaxial cells,9.0,True,54,1.3062971166666668,0.7037037037037037,0.9805,0.97525,Farrell frozen modules,22.0,53.0,0.9894947473736868,0.9739869934967483,29.0,0.014507253626813488,3
zebrafish,VED,pancreatic_intestinal_endoderm,pancreatic intestinal endoderm,9.0,True,65,0.7972682153846155,0.35384615384615387,0.9685,0.94725,Farrell frozen modules,290.0,1948.0,0.8554277138569284,0.026013006503251668,1678.0,0.8394197098549274,3
zebrafish,VOX,adaxial_cells,adaxial cells,9.0,True,54,0.8909755314814816,0.5555555555555556,0.963,0.96225,Farrell frozen modules,17.0,13.0,0.9919959979989995,0.9939969984992496,-3.0,-0.0015007503751875984,3
zebrafish,VOX,pancreatic_intestinal_endoderm,pancreatic intestinal endoderm,9.0,True,65,0.9421384989230769,0.5538461538461539,0.976,0.97375,Farrell frozen modules,31.0,285.0,0.984992496248124,0.8579289644822411,254.0,0.12706353176588292,3
zebrafish,XBP1,notochord,notochord,7.0,True,114,2.8853408878947366,0.9824561403508771,0.995,0.989,Farrell frozen modules,11.0,136.0,0.9949974987493747,0.9324662331165583,125.0,0.06253126563281641,3
zebrafish,XBP1,notochord,notochord,9.0,True,131,2.8397290567938933,0.9847328244274809,0.9965,0.9945,Farrell frozen modules,10.0,1973.0,0.9954977488744372,0.013506753376688385,1963.0,0.9819909954977488,3
zebrafish,XBP1,prechordal_plate,prechordal plate,7.0,True,107,3.197503388785046,1.0,0.997,0.99475,Farrell frozen modules,6.0,9.0,0.9974987493746873,0.9959979989994997,3.0,0.0015007503751875984,3
zebrafish,XBP1,prechordal_plate,prechordal plate,9.0,True,109,3.3592602587155964,1.0,1.0,0.99625,Farrell frozen modules,7.0,96.0,0.9969984992496248,0.9524762381190596,89.0,0.04452226113056523,3
zebrafish,ZFAND5A,adaxial_cells,adaxial cells,9.0,True,54,1.5750577925925926,0.8518518518518519,0.9875,0.98925,Farrell frozen modules,22.0,148.0,0.9894947473736868,0.9264632316158079,126.0,0.06303151575787891,3
zebrafish,ZFAND5A,somites,somites,7.0,True,55,0.6900639094545454,0.6727272727272727,0.9475,0.95675,Farrell frozen modules,43.0,49.0,0.9789894947473737,0.9759879939969985,6.0,0.0030015007503751967,3
zebrafish,ZFAND5A,somites,somites,9.0,True,416,0.8874370671634615,0.6802884615384616,0.961,0.95875,Farrell frozen modules,63.0,1954.0,0.968984492246123,0.02301150575287647,1891.0,0.9459729864932466,3
zebrafish,ZGC:110425,pancreatic_intestinal_endoderm,pancreatic intestinal endoderm,9.0,True,65,2.402999901538462,0.8923076923076924,0.994,0.992,Farrell frozen modules,2.0,31.0,0.9994997498749375,0.984992496248124,29.0,0.014507253626813488,3
zebrafish,ZGC:153675,notochord,notochord,7.0,True,114,0.19358489403508772,0.3157894736842105,0.8375,0.8515,Farrell frozen modules,198.0,321.0,0.9014507253626813,0.83991995997999,-17.0,-0.008504252126062983,3
zebrafish,ZGC:153675,notochord,notochord,9.0,True,131,0.683368267557252,0.5648854961832062,0.9495,0.951,Farrell frozen modules,36.0,112.0,0.9824912456228114,0.9444722361180591,72.0,0.03601800900450225,3
zebrafish,ZGC:174153,prechordal_plate,prechordal plate,7.0,True,107,1.131806836728972,0.5233644859813084,0.967,0.90375,Farrell frozen modules,48.0,3.0,0.976488244122061,0.9989994997498749,-42.0,-0.021010505252626266,3
zebrafish,ZGC:174153,prechordal_plate,prechordal plate,9.0,True,109,3.09507890293578,0.8715596330275229,0.9985,0.97575,Farrell frozen modules,55.0,1917.0,0.9729864932466233,0.04152076038019015,1868.0,0.9344672336168084,3
zebrafish,ZGC:174855,prechordal_plate,prechordal plate,7.0,True,107,0.5636083557009346,0.40186915887850466,0.9245,0.872,Farrell frozen modules,148.0,10.0,0.9264632316158079,0.9954977488744372,-129.0,-0.06453226613306651,3
zebrafish,ZGC:174855,prechordal_plate,prechordal plate,9.0,True,109,2.368997854954128,0.8348623853211009,0.9895,0.97125,Farrell frozen modules,99.0,1985.0,0.950975487743872,0.007503751875937992,1889.0,0.9449724862431216,3
zebrafish,ZGC:92242,pancreatic_intestinal_endoderm,pancreatic intestinal endoderm,9.0,True,65,0.7322934270769231,0.46153846153846156,0.9645,0.962,Farrell frozen modules,101.0,210.0,0.9499749874937469,0.8954477238619309,109.0,0.054527263631815925,3
zebrafish,ZIC3,somites,somites,7.0,True,55,0.46103094636363634,0.41818181818181815,0.919,0.916,Farrell frozen modules,162.0,156.0,0.9194597298649325,0.9224612306153077,53.0,0.026513256628314052,3
zebrafish,ZIC3,somites,somites,9.0,True,416,0.38135533230769236,0.35096153846153844,0.9065,0.8995,Farrell frozen modules,139.0,1838.0,0.9309654827413707,0.08104052026013009,1699.0,0.8499249624812406,3
zebrafish,ZNFL2A,pancreatic_intestinal_endoderm,pancreatic intestinal endoderm,9.0,True,65,0.2767947186153846,0.23076923076923078,0.903,0.91425,Farrell frozen modules,110.0,50.0,0.9454727363681841,0.9754877438719359,-60.0,-0.030015007503751856,3
