dataset,condition,threshold,fraction_at_or_above
pancreas,no GRN,0.0,1.0
pancreas,no GRN,0.01,0.7974683544303798
pancreas,no GRN,0.02,0.7088607594936709
pancreas,no GRN,0.03,0.6962025316455697
pancreas,no GRN,0.04,0.6708860759493671
pancreas,no GRN,0.05,0.6455696202531646
pancreas,no GRN,0.06,0.6329113924050633
pancreas,no GRN,0.07,0.620253164556962
pancreas,no GRN,0.08,0.620253164556962
pancreas,no GRN,0.09,0.620253164556962
pancreas,no GRN,0.1,0.620253164556962
pancreas,no GRN,0.11,0.6075949367088608
pancreas,no GRN,0.12,0.5822784810126582
pancreas,no GRN,0.13,0.5822784810126582
pancreas,no GRN,0.14,0.569620253164557
pancreas,no GRN,0.15,0.569620253164557
pancreas,no GRN,0.16,0.569620253164557
pancreas,no GRN,0.17,0.569620253164557
pancreas,no GRN,0.18,0.569620253164557
pancreas,no GRN,0.19,0.569620253164557
pancreas,no GRN,0.2,0.569620253164557
pancreas,no GRN,0.21,0.569620253164557
pancreas,no GRN,0.22,0.569620253164557
pancreas,no GRN,0.23,0.5569620253164557
pancreas,no GRN,0.24,0.5569620253164557
pancreas,no GRN,0.25,0.5569620253164557
pancreas,no GRN,0.26,0.5569620253164557
pancreas,no GRN,0.27,0.5569620253164557
pancreas,no GRN,0.28,0.5569620253164557
pancreas,no GRN,0.29,0.5569620253164557
pancreas,no GRN,0.3,0.5569620253164557
pancreas,no GRN,0.31,0.5569620253164557
pancreas,no GRN,0.32,0.5569620253164557
pancreas,no GRN,0.33,0.5569620253164557
pancreas,no GRN,0.34,0.5569620253164557
pancreas,no GRN,0.35000000000000003,0.5569620253164557
pancreas,no GRN,0.36,0.5569620253164557
pancreas,no GRN,0.37,0.5569620253164557
pancreas,no GRN,0.38,0.5569620253164557
pancreas,no GRN,0.39,0.5443037974683544
pancreas,no GRN,0.4,0.5443037974683544
pancreas,no GRN,0.41000000000000003,0.5443037974683544
pancreas,no GRN,0.42,0.5443037974683544
pancreas,no GRN,0.43,0.5316455696202531
pancreas,no GRN,0.44,0.5316455696202531
pancreas,no GRN,0.45,0.5316455696202531
pancreas,no GRN,0.46,0.5316455696202531
pancreas,no GRN,0.47000000000000003,0.5316455696202531
pancreas,no GRN,0.48,0.5316455696202531
pancreas,no GRN,0.49,0.5316455696202531
pancreas,no GRN,0.5,0.5316455696202531
pancreas,no GRN,0.51,0.5316455696202531
pancreas,no GRN,0.52,0.5316455696202531
pancreas,no GRN,0.53,0.5316455696202531
pancreas,no GRN,0.54,0.5316455696202531
pancreas,no GRN,0.55,0.5316455696202531
pancreas,no GRN,0.56,0.5316455696202531
pancreas,no GRN,0.5700000000000001,0.5316455696202531
pancreas,no GRN,0.58,0.5316455696202531
pancreas,no GRN,0.59,0.5189873417721519
pancreas,no GRN,0.6,0.5189873417721519
pancreas,no GRN,0.61,0.5189873417721519
pancreas,no GRN,0.62,0.5189873417721519
pancreas,no GRN,0.63,0.5189873417721519
pancreas,no GRN,0.64,0.5189873417721519
pancreas,no GRN,0.65,0.5189873417721519
pancreas,no GRN,0.66,0.5189873417721519
pancreas,no GRN,0.67,0.5189873417721519
pancreas,no GRN,0.68,0.5189873417721519
pancreas,no GRN,0.6900000000000001,0.5063291139240507
pancreas,no GRN,0.7000000000000001,0.5063291139240507
pancreas,no GRN,0.71,0.5063291139240507
pancreas,no GRN,0.72,0.5063291139240507
pancreas,no GRN,0.73,0.5063291139240507
pancreas,no GRN,0.74,0.5063291139240507
pancreas,no GRN,0.75,0.5063291139240507
pancreas,no GRN,0.76,0.5063291139240507
pancreas,no GRN,0.77,0.4936708860759494
pancreas,no GRN,0.78,0.4936708860759494
pancreas,no GRN,0.79,0.4810126582278481
pancreas,no GRN,0.8,0.4810126582278481
pancreas,no GRN,0.81,0.4810126582278481
pancreas,no GRN,0.8200000000000001,0.4810126582278481
pancreas,no GRN,0.8300000000000001,0.4810126582278481
pancreas,no GRN,0.84,0.4810126582278481
pancreas,no GRN,0.85,0.46835443037974683
pancreas,no GRN,0.86,0.46835443037974683
pancreas,no GRN,0.87,0.46835443037974683
pancreas,no GRN,0.88,0.46835443037974683
pancreas,no GRN,0.89,0.46835443037974683
pancreas,no GRN,0.9,0.45569620253164556
pancreas,no GRN,0.91,0.43037974683544306
pancreas,no GRN,0.92,0.43037974683544306
pancreas,no GRN,0.93,0.4177215189873418
pancreas,no GRN,0.9400000000000001,0.3670886075949367
pancreas,no GRN,0.9500000000000001,0.3670886075949367
pancreas,no GRN,0.96,0.35443037974683544
pancreas,no GRN,0.97,0.3037974683544304
pancreas,no GRN,0.98,0.22784810126582278
pancreas,no GRN,0.99,0.189873417721519
pancreas,no GRN,1.0,0.02531645569620253
zebrafish,no GRN,0.0,1.0
zebrafish,no GRN,0.01,0.928030303030303
zebrafish,no GRN,0.02,0.8977272727272727
zebrafish,no GRN,0.03,0.8787878787878788
zebrafish,no GRN,0.04,0.8674242424242424
zebrafish,no GRN,0.05,0.8636363636363636
zebrafish,no GRN,0.06,0.8636363636363636
zebrafish,no GRN,0.07,0.8636363636363636
zebrafish,no GRN,0.08,0.8636363636363636
zebrafish,no GRN,0.09,0.8522727272727273
zebrafish,no GRN,0.1,0.8484848484848485
zebrafish,no GRN,0.11,0.8484848484848485
zebrafish,no GRN,0.12,0.8409090909090909
zebrafish,no GRN,0.13,0.8371212121212122
zebrafish,no GRN,0.14,0.8333333333333334
zebrafish,no GRN,0.15,0.8295454545454546
zebrafish,no GRN,0.16,0.8295454545454546
zebrafish,no GRN,0.17,0.821969696969697
zebrafish,no GRN,0.18,0.8181818181818182
zebrafish,no GRN,0.19,0.8181818181818182
zebrafish,no GRN,0.2,0.8181818181818182
zebrafish,no GRN,0.21,0.8143939393939394
zebrafish,no GRN,0.22,0.8143939393939394
zebrafish,no GRN,0.23,0.8143939393939394
zebrafish,no GRN,0.24,0.8143939393939394
zebrafish,no GRN,0.25,0.8143939393939394
zebrafish,no GRN,0.26,0.8143939393939394
zebrafish,no GRN,0.27,0.8143939393939394
zebrafish,no GRN,0.28,0.8143939393939394
zebrafish,no GRN,0.29,0.8143939393939394
zebrafish,no GRN,0.3,0.8143939393939394
zebrafish,no GRN,0.31,0.8143939393939394
zebrafish,no GRN,0.32,0.8143939393939394
zebrafish,no GRN,0.33,0.8143939393939394
zebrafish,no GRN,0.34,0.8143939393939394
zebrafish,no GRN,0.35000000000000003,0.8143939393939394
zebrafish,no GRN,0.36,0.8143939393939394
zebrafish,no GRN,0.37,0.8068181818181818
zebrafish,no GRN,0.38,0.8068181818181818
zebrafish,no GRN,0.39,0.8068181818181818
zebrafish,no GRN,0.4,0.8068181818181818
zebrafish,no GRN,0.41000000000000003,0.803030303030303
zebrafish,no GRN,0.42,0.803030303030303
zebrafish,no GRN,0.43,0.803030303030303
zebrafish,no GRN,0.44,0.803030303030303
zebrafish,no GRN,0.45,0.803030303030303
zebrafish,no GRN,0.46,0.7992424242424242
zebrafish,no GRN,0.47000000000000003,0.7992424242424242
zebrafish,no GRN,0.48,0.7992424242424242
zebrafish,no GRN,0.49,0.7992424242424242
zebrafish,no GRN,0.5,0.7992424242424242
zebrafish,no GRN,0.51,0.7992424242424242
zebrafish,no GRN,0.52,0.7992424242424242
zebrafish,no GRN,0.53,0.7878787878787878
zebrafish,no GRN,0.54,0.7878787878787878
zebrafish,no GRN,0.55,0.7840909090909091
zebrafish,no GRN,0.56,0.7840909090909091
zebrafish,no GRN,0.5700000000000001,0.7840909090909091
zebrafish,no GRN,0.58,0.7840909090909091
zebrafish,no GRN,0.59,0.7840909090909091
zebrafish,no GRN,0.6,0.7840909090909091
zebrafish,no GRN,0.61,0.7840909090909091
zebrafish,no GRN,0.62,0.7803030303030303
zebrafish,no GRN,0.63,0.7803030303030303
zebrafish,no GRN,0.64,0.7803030303030303
zebrafish,no GRN,0.65,0.7803030303030303
zebrafish,no GRN,0.66,0.7803030303030303
zebrafish,no GRN,0.67,0.7765151515151515
zebrafish,no GRN,0.68,0.7765151515151515
zebrafish,no GRN,0.6900000000000001,0.7765151515151515
zebrafish,no GRN,0.7000000000000001,0.7765151515151515
zebrafish,no GRN,0.71,0.7765151515151515
zebrafish,no GRN,0.72,0.7765151515151515
zebrafish,no GRN,0.73,0.7727272727272727
zebrafish,no GRN,0.74,0.7727272727272727
zebrafish,no GRN,0.75,0.7727272727272727
zebrafish,no GRN,0.76,0.7689393939393939
zebrafish,no GRN,0.77,0.7613636363636364
zebrafish,no GRN,0.78,0.7613636363636364
zebrafish,no GRN,0.79,0.7575757575757576
zebrafish,no GRN,0.8,0.7537878787878788
zebrafish,no GRN,0.81,0.75
zebrafish,no GRN,0.8200000000000001,0.75
zebrafish,no GRN,0.8300000000000001,0.7462121212121212
zebrafish,no GRN,0.84,0.7348484848484849
zebrafish,no GRN,0.85,0.7348484848484849
zebrafish,no GRN,0.86,0.7196969696969697
zebrafish,no GRN,0.87,0.7121212121212122
zebrafish,no GRN,0.88,0.7083333333333334
zebrafish,no GRN,0.89,0.6931818181818182
zebrafish,no GRN,0.9,0.6742424242424242
zebrafish,no GRN,0.91,0.6553030303030303
zebrafish,no GRN,0.92,0.625
zebrafish,no GRN,0.93,0.6022727272727273
zebrafish,no GRN,0.9400000000000001,0.5681818181818182
zebrafish,no GRN,0.9500000000000001,0.5416666666666666
zebrafish,no GRN,0.96,0.5
zebrafish,no GRN,0.97,0.42803030303030304
zebrafish,no GRN,0.98,0.32196969696969696
zebrafish,no GRN,0.99,0.18181818181818182
zebrafish,no GRN,1.0,0.003787878787878788
pancreas,genuine GRN,0.0,1.0
pancreas,genuine GRN,0.01,0.9620253164556962
pancreas,genuine GRN,0.02,0.9240506329113924
pancreas,genuine GRN,0.03,0.8987341772151899
pancreas,genuine GRN,0.04,0.8987341772151899
pancreas,genuine GRN,0.05,0.8987341772151899
pancreas,genuine GRN,0.06,0.8987341772151899
pancreas,genuine GRN,0.07,0.8987341772151899
pancreas,genuine GRN,0.08,0.8987341772151899
pancreas,genuine GRN,0.09,0.8987341772151899
pancreas,genuine GRN,0.1,0.8987341772151899
pancreas,genuine GRN,0.11,0.8987341772151899
pancreas,genuine GRN,0.12,0.8987341772151899
pancreas,genuine GRN,0.13,0.8987341772151899
pancreas,genuine GRN,0.14,0.8987341772151899
pancreas,genuine GRN,0.15,0.8987341772151899
pancreas,genuine GRN,0.16,0.8987341772151899
pancreas,genuine GRN,0.17,0.8987341772151899
pancreas,genuine GRN,0.18,0.8987341772151899
pancreas,genuine GRN,0.19,0.8987341772151899
pancreas,genuine GRN,0.2,0.8987341772151899
pancreas,genuine GRN,0.21,0.8987341772151899
pancreas,genuine GRN,0.22,0.8987341772151899
pancreas,genuine GRN,0.23,0.8987341772151899
pancreas,genuine GRN,0.24,0.8987341772151899
pancreas,genuine GRN,0.25,0.8987341772151899
pancreas,genuine GRN,0.26,0.8987341772151899
pancreas,genuine GRN,0.27,0.8987341772151899
pancreas,genuine GRN,0.28,0.8987341772151899
pancreas,genuine GRN,0.29,0.8860759493670886
pancreas,genuine GRN,0.3,0.8860759493670886
pancreas,genuine GRN,0.31,0.8860759493670886
pancreas,genuine GRN,0.32,0.8860759493670886
pancreas,genuine GRN,0.33,0.8860759493670886
pancreas,genuine GRN,0.34,0.8860759493670886
pancreas,genuine GRN,0.35000000000000003,0.8860759493670886
pancreas,genuine GRN,0.36,0.8860759493670886
pancreas,genuine GRN,0.37,0.8860759493670886
pancreas,genuine GRN,0.38,0.8860759493670886
pancreas,genuine GRN,0.39,0.8860759493670886
pancreas,genuine GRN,0.4,0.8860759493670886
pancreas,genuine GRN,0.41000000000000003,0.8860759493670886
pancreas,genuine GRN,0.42,0.8860759493670886
pancreas,genuine GRN,0.43,0.8860759493670886
pancreas,genuine GRN,0.44,0.8860759493670886
pancreas,genuine GRN,0.45,0.8860759493670886
pancreas,genuine GRN,0.46,0.8734177215189873
pancreas,genuine GRN,0.47000000000000003,0.8734177215189873
pancreas,genuine GRN,0.48,0.8734177215189873
pancreas,genuine GRN,0.49,0.8734177215189873
pancreas,genuine GRN,0.5,0.8734177215189873
pancreas,genuine GRN,0.51,0.8734177215189873
pancreas,genuine GRN,0.52,0.8734177215189873
pancreas,genuine GRN,0.53,0.8734177215189873
pancreas,genuine GRN,0.54,0.8734177215189873
pancreas,genuine GRN,0.55,0.8734177215189873
pancreas,genuine GRN,0.56,0.8734177215189873
pancreas,genuine GRN,0.5700000000000001,0.8607594936708861
pancreas,genuine GRN,0.58,0.8607594936708861
pancreas,genuine GRN,0.59,0.8481012658227848
pancreas,genuine GRN,0.6,0.8481012658227848
pancreas,genuine GRN,0.61,0.8481012658227848
pancreas,genuine GRN,0.62,0.8481012658227848
pancreas,genuine GRN,0.63,0.8481012658227848
pancreas,genuine GRN,0.64,0.8481012658227848
pancreas,genuine GRN,0.65,0.8227848101265823
pancreas,genuine GRN,0.66,0.810126582278481
pancreas,genuine GRN,0.67,0.810126582278481
pancreas,genuine GRN,0.68,0.810126582278481
pancreas,genuine GRN,0.6900000000000001,0.810126582278481
pancreas,genuine GRN,0.7000000000000001,0.810126582278481
pancreas,genuine GRN,0.71,0.810126582278481
pancreas,genuine GRN,0.72,0.810126582278481
pancreas,genuine GRN,0.73,0.810126582278481
pancreas,genuine GRN,0.74,0.810126582278481
pancreas,genuine GRN,0.75,0.810126582278481
pancreas,genuine GRN,0.76,0.810126582278481
pancreas,genuine GRN,0.77,0.810126582278481
pancreas,genuine GRN,0.78,0.810126582278481
pancreas,genuine GRN,0.79,0.810126582278481
pancreas,genuine GRN,0.8,0.7974683544303798
pancreas,genuine GRN,0.81,0.7974683544303798
pancreas,genuine GRN,0.8200000000000001,0.7974683544303798
pancreas,genuine GRN,0.8300000000000001,0.7974683544303798
pancreas,genuine GRN,0.84,0.7848101265822784
pancreas,genuine GRN,0.85,0.7721518987341772
pancreas,genuine GRN,0.86,0.759493670886076
pancreas,genuine GRN,0.87,0.759493670886076
pancreas,genuine GRN,0.88,0.7341772151898734
pancreas,genuine GRN,0.89,0.7215189873417721
pancreas,genuine GRN,0.9,0.7088607594936709
pancreas,genuine GRN,0.91,0.6962025316455697
pancreas,genuine GRN,0.92,0.6582278481012658
pancreas,genuine GRN,0.93,0.620253164556962
pancreas,genuine GRN,0.9400000000000001,0.6075949367088608
pancreas,genuine GRN,0.9500000000000001,0.5569620253164557
pancreas,genuine GRN,0.96,0.5316455696202531
pancreas,genuine GRN,0.97,0.4177215189873418
pancreas,genuine GRN,0.98,0.3670886075949367
pancreas,genuine GRN,0.99,0.25316455696202533
pancreas,genuine GRN,1.0,0.0
zebrafish,genuine GRN,0.0,1.0
zebrafish,genuine GRN,0.01,0.9886363636363636
zebrafish,genuine GRN,0.02,0.9772727272727273
zebrafish,genuine GRN,0.03,0.9734848484848485
zebrafish,genuine GRN,0.04,0.9734848484848485
zebrafish,genuine GRN,0.05,0.9696969696969697
zebrafish,genuine GRN,0.06,0.9659090909090909
zebrafish,genuine GRN,0.07,0.9659090909090909
zebrafish,genuine GRN,0.08,0.9621212121212122
zebrafish,genuine GRN,0.09,0.9621212121212122
zebrafish,genuine GRN,0.1,0.9621212121212122
zebrafish,genuine GRN,0.11,0.9583333333333334
zebrafish,genuine GRN,0.12,0.9583333333333334
zebrafish,genuine GRN,0.13,0.9545454545454546
zebrafish,genuine GRN,0.14,0.9507575757575758
zebrafish,genuine GRN,0.15,0.946969696969697
zebrafish,genuine GRN,0.16,0.9393939393939394
zebrafish,genuine GRN,0.17,0.9393939393939394
zebrafish,genuine GRN,0.18,0.9393939393939394
zebrafish,genuine GRN,0.19,0.9356060606060606
zebrafish,genuine GRN,0.2,0.9356060606060606
zebrafish,genuine GRN,0.21,0.9356060606060606
zebrafish,genuine GRN,0.22,0.9318181818181818
zebrafish,genuine GRN,0.23,0.9318181818181818
zebrafish,genuine GRN,0.24,0.9318181818181818
zebrafish,genuine GRN,0.25,0.9318181818181818
zebrafish,genuine GRN,0.26,0.9318181818181818
zebrafish,genuine GRN,0.27,0.9318181818181818
zebrafish,genuine GRN,0.28,0.9318181818181818
zebrafish,genuine GRN,0.29,0.928030303030303
zebrafish,genuine GRN,0.3,0.928030303030303
zebrafish,genuine GRN,0.31,0.928030303030303
zebrafish,genuine GRN,0.32,0.928030303030303
zebrafish,genuine GRN,0.33,0.928030303030303
zebrafish,genuine GRN,0.34,0.928030303030303
zebrafish,genuine GRN,0.35000000000000003,0.928030303030303
zebrafish,genuine GRN,0.36,0.928030303030303
zebrafish,genuine GRN,0.37,0.928030303030303
zebrafish,genuine GRN,0.38,0.928030303030303
zebrafish,genuine GRN,0.39,0.928030303030303
zebrafish,genuine GRN,0.4,0.928030303030303
zebrafish,genuine GRN,0.41000000000000003,0.928030303030303
zebrafish,genuine GRN,0.42,0.928030303030303
zebrafish,genuine GRN,0.43,0.928030303030303
zebrafish,genuine GRN,0.44,0.928030303030303
zebrafish,genuine GRN,0.45,0.928030303030303
zebrafish,genuine GRN,0.46,0.928030303030303
zebrafish,genuine GRN,0.47000000000000003,0.928030303030303
zebrafish,genuine GRN,0.48,0.928030303030303
zebrafish,genuine GRN,0.49,0.928030303030303
zebrafish,genuine GRN,0.5,0.9204545454545454
zebrafish,genuine GRN,0.51,0.9204545454545454
zebrafish,genuine GRN,0.52,0.9204545454545454
zebrafish,genuine GRN,0.53,0.9204545454545454
zebrafish,genuine GRN,0.54,0.9204545454545454
zebrafish,genuine GRN,0.55,0.9204545454545454
zebrafish,genuine GRN,0.56,0.9204545454545454
zebrafish,genuine GRN,0.5700000000000001,0.9204545454545454
zebrafish,genuine GRN,0.58,0.9204545454545454
zebrafish,genuine GRN,0.59,0.9204545454545454
zebrafish,genuine GRN,0.6,0.9204545454545454
zebrafish,genuine GRN,0.61,0.9204545454545454
zebrafish,genuine GRN,0.62,0.9204545454545454
zebrafish,genuine GRN,0.63,0.9204545454545454
zebrafish,genuine GRN,0.64,0.9166666666666666
zebrafish,genuine GRN,0.65,0.9166666666666666
zebrafish,genuine GRN,0.66,0.9166666666666666
zebrafish,genuine GRN,0.67,0.9166666666666666
zebrafish,genuine GRN,0.68,0.9166666666666666
zebrafish,genuine GRN,0.6900000000000001,0.9166666666666666
zebrafish,genuine GRN,0.7000000000000001,0.9128787878787878
zebrafish,genuine GRN,0.71,0.9128787878787878
zebrafish,genuine GRN,0.72,0.9053030303030303
zebrafish,genuine GRN,0.73,0.9015151515151515
zebrafish,genuine GRN,0.74,0.9015151515151515
zebrafish,genuine GRN,0.75,0.8977272727272727
zebrafish,genuine GRN,0.76,0.8977272727272727
zebrafish,genuine GRN,0.77,0.8977272727272727
zebrafish,genuine GRN,0.78,0.8939393939393939
zebrafish,genuine GRN,0.79,0.8901515151515151
zebrafish,genuine GRN,0.8,0.8863636363636364
zebrafish,genuine GRN,0.81,0.8863636363636364
zebrafish,genuine GRN,0.8200000000000001,0.8787878787878788
zebrafish,genuine GRN,0.8300000000000001,0.8787878787878788
zebrafish,genuine GRN,0.84,0.8636363636363636
zebrafish,genuine GRN,0.85,0.8484848484848485
zebrafish,genuine GRN,0.86,0.8409090909090909
zebrafish,genuine GRN,0.87,0.8333333333333334
zebrafish,genuine GRN,0.88,0.821969696969697
zebrafish,genuine GRN,0.89,0.8106060606060606
zebrafish,genuine GRN,0.9,0.803030303030303
zebrafish,genuine GRN,0.91,0.7954545454545454
zebrafish,genuine GRN,0.92,0.7613636363636364
zebrafish,genuine GRN,0.93,0.7083333333333334
zebrafish,genuine GRN,0.9400000000000001,0.6818181818181818
zebrafish,genuine GRN,0.9500000000000001,0.6325757575757576
zebrafish,genuine GRN,0.96,0.5909090909090909
zebrafish,genuine GRN,0.97,0.5227272727272727
zebrafish,genuine GRN,0.98,0.42045454545454547
zebrafish,genuine GRN,0.99,0.2803030303030303
zebrafish,genuine GRN,1.0,0.011363636363636364
