stage,cell_type,gene,n_cells,expression_mean,expression_median,expression_q25,expression_q75,detection_fraction,nogrn_rank,nogrn_drift,grn_rank,grn_drift,expression_order
3,neurog3_late,FEV,1908,1.7230069160744235,1.80493495,1.35968075,2.177287025,0.9481132075471698,175,0.20899,12,0.03945,1
3,neurog3_late,DDC,1908,1.52168583168239,1.62796465,1.171100375,1.9889503,0.9208595387840671,30,1.08398,7,0.04426,2
3,neurog3_late,NEUROD1,1908,1.269030101273585,1.3195785,0.89529127,1.7407685000000002,0.8784067085953878,126,0.31544,8,0.0431,3
3,neurog3_late,MAFB,1908,1.1590183414675053,1.2399775000000002,0.63278595,1.7532335,0.7961215932914046,3,3.05822,74,0.01864,4
3,neurog3_late,CALB2,1908,0.9026259798375262,0.59350875,0.0,1.713037575,0.5372117400419287,2,4.77586,26,0.03089,5
3,neurog3_late,NEUROG3,1908,0.8348310083018868,0.879092585,0.0,1.3606734249999999,0.6761006289308176,297,0.0903,3,0.05833,6
3,neurog3_late,INS,1908,0.6647927013731656,0.5371927700000001,0.0,1.18610055,0.5471698113207547,1,5.55721,1914,-0.01616,7
3,neurog3_late,PAX4,1908,0.5770878762526206,0.5009311,0.0,1.071873825,0.550314465408805,1874,-0.32928,55,0.02198,8
3,sc_alpha,GCG,1174,3.5564488188160137,4.0798027999999995,1.424013875,5.615769225,0.8943781942078365,1,5.5354,1918,-0.02562,1
3,sc_alpha,INS,1174,1.8399948443100513,1.90156945,0.9784150375,2.6993247,0.833901192504259,2,5.51176,13,0.02477,2
3,sc_alpha,MAFB,1174,1.4145921236456558,1.51127425,0.9946122675,1.97549035,0.8603066439522998,111,0.25316,3,0.03884,3
3,sc_alpha,SCG5,1174,1.3306322511669506,1.4264088,0.8643565925000001,1.9123797,0.8449744463373083,3,2.87045,4,0.03262,4
3,sc_alpha,CDKN1C,1174,1.2030359799829642,1.216585,0.4790012675,1.828890575,0.7887563884156729,1847,-0.22107,1,0.0578,5
3,sc_alpha,RGS4,1174,1.1839106283134582,1.2249664,0.522086735,1.801525475,0.7751277683134583,12,1.25606,6,0.02927,6
3,sc_alpha,ARX,1174,0.9624556924872231,1.0161975,0.44902438,1.46263165,0.7734241908006815,53,0.50228,11,0.02644,7
3,sc_alpha,SLC30A8,1174,0.4113332117035775,0.0,0.0,0.8410496574999999,0.424190800681431,6,1.56541,82,0.01034,8
6,sc_beta,INS,726,3.217947352410468,3.34278285,2.824207575,3.7342880999999997,0.987603305785124,2,0.82939,167,0.0047,1
6,sc_beta,CALB2,726,2.3839328806749314,2.5948026,1.927135225,3.037301,0.9366391184573003,1,0.87028,23,0.01825,2
6,sc_beta,IGFBP5,726,1.528949445013774,1.5511403499999998,1.039534475,2.0987734749999998,0.9104683195592287,17,0.24388,5,0.03434,3
6,sc_beta,ACVR1C,726,1.5226551220798896,1.5866066,1.212078925,1.9479315499999998,0.9380165289256198,3,0.47448,2,0.03531,4
6,sc_beta,SCG5,726,1.1517953495316806,1.22677365,0.8011314825,1.609311425,0.8650137741046832,4,0.44608,1,0.03945,5
6,sc_beta,ERO1B,726,0.9521548686639119,1.0357736,0.58487504,1.3759636,0.8154269972451791,43,0.13993,3,0.03521,6
6,sc_beta,ISL1,726,0.8253384888705233,0.828507875,0.0,1.3206251,0.7176308539944903,57,0.10724,10,0.02889,7
6,sc_beta,SLC30A8,726,0.7929794053305784,0.852197725,0.0,1.345960225,0.6528925619834711,5,0.42789,6,0.03181,8
6,sc_ec,INS,883,1.8717202823556058,2.0335557,1.0084481,2.7130085,0.855039637599094,1,1.34921,1922,-0.02421,1
6,sc_ec,CDKN1C,883,1.3032875278255946,1.3046905,0.7151794,1.86082095,0.853907134767837,8,0.40471,1,0.02426,2
6,sc_ec,TPH1,883,1.2708234640203853,1.3666998,0.84000835,1.7801748000000002,0.8674971687429218,19,0.29924,8,0.01564,3
6,sc_ec,IGFBP5,883,0.9387959337938845,0.893074,0.0,1.5246039,0.7270668176670442,58,0.15341,5,0.01689,4
6,sc_ec,CALB2,883,0.9357454582672707,0.70534545,0.0,1.6159734499999998,0.637599093997735,2,0.98875,203,0.00251,5
6,sc_ec,GAL,883,0.6843452871460928,0.3653649,0.0,1.20906915,0.5232163080407701,3,0.56489,2,0.02202,6
6,sc_ec,GCH1,883,0.5887854469535675,0.5770462,0.0,0.96869895,0.6636466591166478,251,0.02682,10,0.01245,7
6,sc_ec,SCG2,883,0.5742941358097395,0.4063455,0.0,1.0069051,0.551528878822197,7,0.40919,4,0.01914,8
