dataset,gene,lineage,time,local_rank_score_gain,integrated_gain,integrated_metric,grn_mae,nogrn_mae,n_seeds
pancreas,NEUROG3,neurog3_late,3.0,0.15304528891202496,-0.04119029374802041,MAE(no GRN) - MAE(genuine GRN),0.20129748452993018,0.16010719078190977,0
pancreas,NEUROD1,neurog3_late,3.0,0.06142634044768347,-0.24996581966669312,MAE(no GRN) - MAE(genuine GRN),0.4208527960718335,0.1708869764051404,0
pancreas,FEV,neurog3_late,3.0,0.08485163977095256,-0.20742618367061114,MAE(no GRN) - MAE(genuine GRN),0.37026941583466566,0.16284323216405452,0
pancreas,INS,sc_beta,6.0,-0.0858927641853201,-0.3584896060822246,MAE(no GRN) - MAE(genuine GRN),0.5626745750447744,0.20418496896254976,0
pancreas,GCG,sc_alpha,6.0,-0.9963560645497137,-0.22958890125192488,MAE(no GRN) - MAE(genuine GRN),0.5262676194318961,0.29667871817997127,0
pancreas,SST,sst_hhex,6.0,0.9958355023425299,0.010767879451891865,MAE(no GRN) - MAE(genuine GRN),0.05411855442360973,0.0648864338755016,0
pancreas,SLC30A8,sc_beta,6.0,-0.0005205622071836613,-0.07013908944054491,MAE(no GRN) - MAE(genuine GRN),0.119382239573113,0.049243150132568095,0
zebrafish,ACTA1A,adaxial_cells,9.0,0.0005002501250624958,-0.05152576288144073,generated-expression rank-score gain,,,3
zebrafish,ACTC1A,adaxial_cells,9.0,0.043021510755377745,-0.004002001000500299,generated-expression rank-score gain,,,3
zebrafish,ACTC1B,adaxial_cells,9.0,0.6623311655827914,-0.08654327163581799,generated-expression rank-score gain,,,3
zebrafish,AKAP12B,pancreatic_intestinal_endoderm,9.0,0.030515257628814463,-0.0005002501250624958,generated-expression rank-score gain,,,3
zebrafish,AKAP12B,pharyngeal_endoderm,9.0,0.014007003501750881,-0.0005002501250626068,generated-expression rank-score gain,,,3
zebrafish,ALCAMB,pancreatic_intestinal_endoderm,9.0,-0.008504252126063094,0.0,generated-expression rank-score gain,,,3
zebrafish,ALDH1A2,somites,7.0,0.02151075537768876,-0.0015007503751875984,generated-expression rank-score gain,,,3
zebrafish,ALDH1A2,somites,9.0,0.9149574787393697,-0.0005002501250626068,generated-expression rank-score gain,,,3
zebrafish,ALPI.1,adaxial_cells,9.0,0.05002501250625313,-0.011005502751375684,generated-expression rank-score gain,,,3
zebrafish,ANGPTL7,somites,7.0,-0.06153076538269142,-0.059529764882441105,generated-expression rank-score gain,,,3
zebrafish,ANGPTL7,somites,9.0,0.0,-0.017008504252125967,generated-expression rank-score gain,,,3
zebrafish,ANP32E,adaxial_cells,9.0,0.034017008504252155,0.0,generated-expression rank-score gain,,,3
zebrafish,APELA,pancreatic_intestinal_endoderm,9.0,-0.032516258129064446,0.0,generated-expression rank-score gain,,,3
zebrafish,APELA,pharyngeal_endoderm,9.0,0.1500750375187594,-0.0005002501250624958,generated-expression rank-score gain,,,3
zebrafish,APLNRA,adaxial_cells,9.0,0.04102051025512754,-0.002001000500250094,generated-expression rank-score gain,,,3
zebrafish,APOC1,adaxial_cells,9.0,-0.8829414707353677,0.0010005002501251026,generated-expression rank-score gain,,,3
zebrafish,APOC1,pancreatic_intestinal_endoderm,9.0,-0.9629814907453726,0.0,generated-expression rank-score gain,,,3
zebrafish,APOEB,pancreatic_intestinal_endoderm,9.0,-0.002001000500250094,0.0005002501250624958,generated-expression rank-score gain,,,3
zebrafish,ARL4AA,somites,7.0,-0.03951975987994005,-0.01800900450225107,generated-expression rank-score gain,,,3
zebrafish,ARL4AA,somites,9.0,0.4212106053026514,-0.007003501750875496,generated-expression rank-score gain,,,3
zebrafish,ASPH,adaxial_cells,9.0,0.019009504752376172,-0.002001000500250205,generated-expression rank-score gain,,,3
zebrafish,ASPH,notochord,7.0,-0.00250125062531259,-0.013006503251625778,generated-expression rank-score gain,,,3
zebrafish,ASPH,notochord,9.0,0.0,-0.0010005002501251026,generated-expression rank-score gain,,,3
zebrafish,ASPH,pharyngeal_endoderm,9.0,0.04402201100550285,0.0015007503751875984,generated-expression rank-score gain,,,3
zebrafish,ASPH,prechordal_plate,7.0,-0.017508754377188573,-0.014507253626813377,generated-expression rank-score gain,,,3
zebrafish,ASPH,prechordal_plate,9.0,0.021010505252626377,-0.002001000500250094,generated-expression rank-score gain,,,3
zebrafish,ASPH,somites,7.0,0.0015007503751875984,-0.007503751875937992,generated-expression rank-score gain,,,3
zebrafish,ASPH,somites,9.0,0.02201100550275137,-0.002001000500250094,generated-expression rank-score gain,,,3
zebrafish,ATPIF1B,prechordal_plate,7.0,0.1305652826413206,0.014507253626813377,generated-expression rank-score gain,,,3
zebrafish,ATPIF1B,prechordal_plate,9.0,0.10905452726363185,-0.008004002001000488,generated-expression rank-score gain,,,3
zebrafish,BTG2,somites,7.0,0.10005002501250626,-0.01550775387693848,generated-expression rank-score gain,,,3
zebrafish,BTG2,somites,9.0,-0.008004002001000488,-0.008504252126062983,generated-expression rank-score gain,,,3
zebrafish,CALR3B,notochord,7.0,0.019009504752376283,-0.013506753376688385,generated-expression rank-score gain,,,3
zebrafish,CALR3B,notochord,9.0,0.896448224112056,-0.0010005002501251026,generated-expression rank-score gain,,,3
zebrafish,CALR3B,prechordal_plate,7.0,-0.002001000500250094,-0.004502251125562795,generated-expression rank-score gain,,,3
zebrafish,CALR3B,prechordal_plate,9.0,0.07953976988494249,0.0,generated-expression rank-score gain,,,3
zebrafish,CD63,prechordal_plate,7.0,-0.06253126563281641,-0.011505752876438291,generated-expression rank-score gain,,,3
zebrafish,CD63,prechordal_plate,9.0,0.006503251625813,-0.00250125062531259,generated-expression rank-score gain,,,3
zebrafish,CD9B,pharyngeal_endoderm,9.0,0.010005002501250693,-0.002001000500250094,generated-expression rank-score gain,,,3
zebrafish,CDH6,pharyngeal_endoderm,9.0,0.004002001000500299,-0.0030015007503751967,generated-expression rank-score gain,,,3
zebrafish,CDKN1CA,adaxial_cells,9.0,0.049524762381190635,-0.002001000500250094,generated-expression rank-score gain,,,3
zebrafish,CDX4,adaxial_cells,9.0,0.11555777888944474,-0.0005002501250624958,generated-expression rank-score gain,,,3
zebrafish,CDX4,pancreatic_intestinal_endoderm,9.0,0.00250125062531259,0.0,generated-expression rank-score gain,,,3
zebrafish,CHD,pancreatic_intestinal_endoderm,9.0,0.00900450225112559,-0.0030015007503751967,generated-expression rank-score gain,,,3
zebrafish,CITED4B,prechordal_plate,7.0,0.23111555777888937,-0.0015007503751875984,generated-expression rank-score gain,,,3
zebrafish,CITED4B,prechordal_plate,9.0,0.02551275637818906,0.0015007503751875984,generated-expression rank-score gain,,,3
zebrafish,CPN1,somites,7.0,-0.04652326163081544,-0.01950975487743878,generated-expression rank-score gain,,,3
zebrafish,CPN1,somites,9.0,0.9249624812406203,-0.006003001500750393,generated-expression rank-score gain,,,3
zebrafish,CTSLB,prechordal_plate,7.0,-0.4977488744372186,-0.011005502751375684,generated-expression rank-score gain,,,3
zebrafish,CTSLB,prechordal_plate,9.0,0.9524762381190596,0.0,generated-expression rank-score gain,,,3
zebrafish,CX43.4,adaxial_cells,9.0,-0.006503251625813,0.0,generated-expression rank-score gain,,,3
zebrafish,CX43.4,pancreatic_intestinal_endoderm,9.0,-0.011005502751375684,0.0,generated-expression rank-score gain,,,3
zebrafish,CX43.4,somites,7.0,-0.0010005002501251026,0.0005002501250624958,generated-expression rank-score gain,,,3
zebrafish,CX43.4,somites,9.0,0.0030015007503751967,-0.0005002501250626068,generated-expression rank-score gain,,,3
zebrafish,DDIT4,adaxial_cells,9.0,0.0,0.0,generated-expression rank-score gain,,,3
zebrafish,DMRT2A,somites,7.0,-0.03201600800400195,0.018509254627313565,generated-expression rank-score gain,,,3
zebrafish,DMRT2A,somites,9.0,-0.007503751875937881,-0.03701850925462735,generated-expression rank-score gain,,,3
zebrafish,EFEMP2A,adaxial_cells,9.0,0.008004002001000488,-0.01800900450225118,generated-expression rank-score gain,,,3
zebrafish,EFEMP2B,somites,7.0,-0.0005002501250624958,-0.012006003001500787,generated-expression rank-score gain,,,3
zebrafish,EFEMP2B,somites,9.0,0.9544772386193097,-0.002001000500250205,generated-expression rank-score gain,,,3
zebrafish,EMILIN3A,notochord,7.0,-0.01800900450225118,-0.10505252626313166,generated-expression rank-score gain,,,3
zebrafish,EMILIN3A,notochord,9.0,0.9529764882441221,-0.004002001000500299,generated-expression rank-score gain,,,3
zebrafish,EMP2,somites,7.0,-0.049524762381190746,-0.2011005502751375,generated-expression rank-score gain,,,3
zebrafish,EMP2,somites,9.0,0.01550775387693848,-0.026013006503251557,generated-expression rank-score gain,,,3
zebrafish,F11R.1,pharyngeal_endoderm,9.0,-0.007503751875937992,-0.005002501250625291,generated-expression rank-score gain,,,3
zebrafish,FGF8A,pancreatic_intestinal_endoderm,9.0,0.0035017508754376925,0.0005002501250626068,generated-expression rank-score gain,,,3
zebrafish,FKBP11,notochord,7.0,-0.008004002001000488,-0.03451725862931465,generated-expression rank-score gain,,,3
zebrafish,FKBP11,notochord,9.0,0.8579289644822411,-0.002001000500250205,generated-expression rank-score gain,,,3
zebrafish,FKBP11,prechordal_plate,7.0,-0.03101550775387696,-0.03201600800400195,generated-expression rank-score gain,,,3
zebrafish,FKBP11,prechordal_plate,9.0,0.9739869934967483,-0.0015007503751875984,generated-expression rank-score gain,,,3
zebrafish,FN1B,somites,7.0,-0.011005502751375684,-0.02951475737868936,generated-expression rank-score gain,,,3
zebrafish,FN1B,somites,9.0,0.0005002501250626068,-0.01150575287643818,generated-expression rank-score gain,,,3
zebrafish,FOXA,notochord,7.0,0.021510755377688873,-0.0035017508754376925,generated-expression rank-score gain,,,3
zebrafish,FOXA,notochord,9.0,0.9634817408704353,-0.0010005002501251026,generated-expression rank-score gain,,,3
zebrafish,FSTL1A,adaxial_cells,9.0,-0.0030015007503751967,-0.016508254127063582,generated-expression rank-score gain,,,3
zebrafish,FSTL1A,somites,7.0,-0.19159579789894954,-0.24112056028014006,generated-expression rank-score gain,,,3
zebrafish,FSTL1A,somites,9.0,0.0685342671335668,-0.03951975987994005,generated-expression rank-score gain,,,3
zebrafish,GPM6AB,pharyngeal_endoderm,9.0,0.7703851925962981,0.010005002501250693,generated-expression rank-score gain,,,3
zebrafish,H1F0,pancreatic_intestinal_endoderm,9.0,0.03251625812906456,0.002001000500250205,generated-expression rank-score gain,,,3
zebrafish,HE1A,prechordal_plate,7.0,-0.833416708354177,-0.7298649324662332,generated-expression rank-score gain,,,3
zebrafish,HE1A,prechordal_plate,9.0,0.9374687343671836,-0.005002501250625291,generated-expression rank-score gain,,,3
zebrafish,HE1B,prechordal_plate,7.0,-0.7648824412206103,-0.7628814407203601,generated-expression rank-score gain,,,3
zebrafish,HE1B,prechordal_plate,9.0,0.8414207103551775,-0.002001000500250205,generated-expression rank-score gain,,,3
zebrafish,HER1,somites,7.0,0.022511255627813975,-0.027513756878439266,generated-expression rank-score gain,,,3
zebrafish,HER1,somites,9.0,0.9454727363681841,0.0010005002501251026,generated-expression rank-score gain,,,3
zebrafish,HER3,pancreatic_intestinal_endoderm,9.0,0.013506753376688385,-0.004002001000500299,generated-expression rank-score gain,,,3
zebrafish,HER9,pharyngeal_endoderm,9.0,-0.002001000500250205,-0.006003001500750393,generated-expression rank-score gain,,,3
zebrafish,HES6,adaxial_cells,9.0,0.0030015007503750857,-0.0005002501250624958,generated-expression rank-score gain,,,3
zebrafish,HES6,pancreatic_intestinal_endoderm,9.0,0.014007003501750881,-0.0010005002501251026,generated-expression rank-score gain,,,3
zebrafish,HES6,somites,7.0,-0.0005002501250624958,0.0,generated-expression rank-score gain,,,3
zebrafish,HES6,somites,9.0,0.0015007503751875984,-0.0015007503751875984,generated-expression rank-score gain,,,3
zebrafish,HOXA9B,adaxial_cells,9.0,-0.006503251625812889,-0.039019509754877446,generated-expression rank-score gain,,,3
zebrafish,HOXA9B,pancreatic_intestinal_endoderm,9.0,0.0030015007503750857,-0.026513256628314164,generated-expression rank-score gain,,,3
zebrafish,HOXB10A,adaxial_cells,9.0,-0.005502751375687787,-0.005502751375687898,generated-expression rank-score gain,,,3
zebrafish,HOXB10A,pancreatic_intestinal_endoderm,9.0,0.004502251125562795,-0.017508754377188573,generated-expression rank-score gain,,,3
zebrafish,HOXB7A,adaxial_cells,9.0,-0.0005002501250626068,-0.007003501750875385,generated-expression rank-score gain,,,3
zebrafish,HOXB7A,pancreatic_intestinal_endoderm,9.0,0.0,-0.015007503751875984,generated-expression rank-score gain,,,3
zebrafish,HOXB7A,somites,7.0,-0.023511755877938967,-0.0720360180090045,generated-expression rank-score gain,,,3
zebrafish,HOXB7A,somites,9.0,-0.0010005002501251026,-0.007503751875937992,generated-expression rank-score gain,,,3
zebrafish,HOXB9A,pancreatic_intestinal_endoderm,9.0,0.0035017508754376925,-0.007003501750875496,generated-expression rank-score gain,,,3
zebrafish,HOXC3A,adaxial_cells,9.0,-0.0035017508754376925,-0.005502751375687787,generated-expression rank-score gain,,,3
zebrafish,HOXC3A,pancreatic_intestinal_endoderm,9.0,0.002001000500250094,-0.010005002501250582,generated-expression rank-score gain,,,3
zebrafish,HOXC8A,adaxial_cells,9.0,-0.004002001000500299,-0.009504752376188086,generated-expression rank-score gain,,,3
zebrafish,HOXC8A,pancreatic_intestinal_endoderm,9.0,0.0,-0.006003001500750393,generated-expression rank-score gain,,,3
zebrafish,HOXD9A,pancreatic_intestinal_endoderm,9.0,-0.0005002501250624958,-0.02201100550275137,generated-expression rank-score gain,,,3
zebrafish,ID1,somites,7.0,-0.002501250625312701,0.0005002501250624958,generated-expression rank-score gain,,,3
zebrafish,ID1,somites,9.0,0.009504752376188086,-0.0015007503751875984,generated-expression rank-score gain,,,3
zebrafish,ID3,pharyngeal_endoderm,9.0,0.4377188594297148,0.0,generated-expression rank-score gain,,,3
zebrafish,ID3,prechordal_plate,7.0,0.002001000500250205,0.0030015007503751967,generated-expression rank-score gain,,,3
zebrafish,ID3,prechordal_plate,9.0,0.007503751875937881,0.0005002501250624958,generated-expression rank-score gain,,,3
zebrafish,IRX7,pharyngeal_endoderm,9.0,0.24812406203101545,-0.0015007503751875984,generated-expression rank-score gain,,,3
zebrafish,ITGB1BP2,adaxial_cells,9.0,-0.010005002501250693,-0.04152076038019015,generated-expression rank-score gain,,,3
zebrafish,ITM2CB,adaxial_cells,9.0,0.023511755877938967,-0.0030015007503751967,generated-expression rank-score gain,,,3
zebrafish,JUN,pharyngeal_endoderm,9.0,0.0015007503751875984,-0.01800900450225118,generated-expression rank-score gain,,,3
zebrafish,KAZALD2,somites,7.0,-0.10955477738869435,0.016008004002000975,generated-expression rank-score gain,,,3
zebrafish,KAZALD2,somites,9.0,0.03251625812906456,-0.025012506253126565,generated-expression rank-score gain,,,3
zebrafish,KRT18,pharyngeal_endoderm,9.0,0.09104552276138067,-0.0010005002501251026,generated-expression rank-score gain,,,3
zebrafish,KRT18,prechordal_plate,7.0,-0.10505252626313155,-0.0005002501250624958,generated-expression rank-score gain,,,3
zebrafish,KRT18,prechordal_plate,9.0,0.02951475737868936,0.0,generated-expression rank-score gain,,,3
zebrafish,KRT8,pharyngeal_endoderm,9.0,0.03351675837918955,-0.004502251125562795,generated-expression rank-score gain,,,3
zebrafish,LRATB,adaxial_cells,9.0,-0.002501250625312701,0.0015007503751874873,generated-expression rank-score gain,,,3
zebrafish,LRRC59,notochord,7.0,0.6203101550775388,-0.007503751875937881,generated-expression rank-score gain,,,3
zebrafish,LRRC59,notochord,9.0,0.017008504252126078,-0.0015007503751875984,generated-expression rank-score gain,,,3
zebrafish,LRRC59,prechordal_plate,7.0,0.5582791395697849,-0.002501250625312701,generated-expression rank-score gain,,,3
zebrafish,LRRC59,prechordal_plate,9.0,0.1400700350175087,0.0,generated-expression rank-score gain,,,3
zebrafish,LSP1,pharyngeal_endoderm,9.0,-0.006003001500750393,-0.015007503751875984,generated-expression rank-score gain,,,3
zebrafish,MARCKSL1B,pancreatic_intestinal_endoderm,9.0,0.0,0.0,generated-expression rank-score gain,,,3
zebrafish,MARCKSL1B,pharyngeal_endoderm,9.0,0.0015007503751875984,0.0,generated-expression rank-score gain,,,3
zebrafish,MCAMA,pharyngeal_endoderm,9.0,-0.022511255627813864,-0.008504252126062983,generated-expression rank-score gain,,,3
zebrafish,MDKA,somites,7.0,-0.08904452226113058,-0.05902951475737861,generated-expression rank-score gain,,,3
zebrafish,MDKA,somites,9.0,-0.012506253126563283,-0.017508754377188573,generated-expression rank-score gain,,,3
zebrafish,MEF2D,adaxial_cells,9.0,-0.0015007503751875984,-0.006503251625812889,generated-expression rank-score gain,,,3
zebrafish,MEOX1,somites,7.0,-0.03201600800400195,-0.08954477238619307,generated-expression rank-score gain,,,3
zebrafish,MEOX1,somites,9.0,0.0005002501250624958,-0.007503751875937992,generated-expression rank-score gain,,,3
zebrafish,MSGN1,adaxial_cells,9.0,0.0015007503751875984,-0.0005002501250624958,generated-expression rank-score gain,,,3
zebrafish,MYF5,adaxial_cells,9.0,0.0030015007503751967,-0.0015007503751875984,generated-expression rank-score gain,,,3
zebrafish,MYF5,somites,7.0,-0.01300650325162589,-0.04352176088044013,generated-expression rank-score gain,,,3
zebrafish,MYF5,somites,9.0,0.008004002001000488,-0.005502751375687787,generated-expression rank-score gain,,,3
zebrafish,MYL10,adaxial_cells,9.0,0.025012506253126565,-0.0030015007503751967,generated-expression rank-score gain,,,3
zebrafish,MYOD1,adaxial_cells,9.0,0.7878939469734868,-0.002001000500250094,generated-expression rank-score gain,,,3
zebrafish,NEXN,adaxial_cells,9.0,0.2171085542771386,-0.029014507253626864,generated-expression rank-score gain,,,3
zebrafish,NID2A,somites,7.0,-0.0035017508754376925,-0.017008504252126078,generated-expression rank-score gain,,,3
zebrafish,NID2A,somites,9.0,0.019009504752376172,-0.0030015007503751967,generated-expression rank-score gain,,,3
zebrafish,NKX1.2LA,pancreatic_intestinal_endoderm,9.0,0.021510755377688873,-0.00900450225112559,generated-expression rank-score gain,,,3
zebrafish,NOTO,pancreatic_intestinal_endoderm,9.0,-0.007503751875937992,-0.004002001000500188,generated-expression rank-score gain,,,3
zebrafish,NR2F5,somites,7.0,-0.030515257628814463,0.03751875937968974,generated-expression rank-score gain,,,3
zebrafish,NR2F5,somites,9.0,-0.054527263631815925,-0.033016508254127164,generated-expression rank-score gain,,,3
zebrafish,NTD5,adaxial_cells,9.0,0.7628814407203601,-0.014507253626813377,generated-expression rank-score gain,,,3
zebrafish,NTD5,notochord,7.0,0.0035017508754376925,-0.006503251625812889,generated-expression rank-score gain,,,3
zebrafish,NTD5,notochord,9.0,0.8814407203601801,-0.0010005002501251026,generated-expression rank-score gain,,,3
zebrafish,P4HA1B,notochord,7.0,-0.0015007503751875984,-0.022511255627813864,generated-expression rank-score gain,,,3
zebrafish,P4HA1B,notochord,9.0,0.9844922461230615,0.0005002501250624958,generated-expression rank-score gain,,,3
zebrafish,PAK1,notochord,7.0,-0.030515257628814352,-0.039019509754877446,generated-expression rank-score gain,,,3
zebrafish,PAK1,notochord,9.0,0.9769884942471235,-0.002001000500250094,generated-expression rank-score gain,,,3
zebrafish,PBXIP1B,adaxial_cells,9.0,0.00250125062531259,-0.02951475737868936,generated-expression rank-score gain,,,3
zebrafish,PCDH8,somites,7.0,0.5297648824412207,-0.012506253126563283,generated-expression rank-score gain,,,3
zebrafish,PCDH8,somites,9.0,0.8444222111055527,-0.004502251125562795,generated-expression rank-score gain,,,3
zebrafish,PITX2,prechordal_plate,7.0,-0.005002501250625291,-0.01550775387693848,generated-expression rank-score gain,,,3
zebrafish,PITX2,prechordal_plate,9.0,0.002001000500250094,-0.0015007503751875984,generated-expression rank-score gain,,,3
zebrafish,PLOD1A,notochord,7.0,0.00250125062531259,-0.01550775387693848,generated-expression rank-score gain,,,3
zebrafish,PLOD1A,notochord,9.0,0.9844922461230615,0.0,generated-expression rank-score gain,,,3
zebrafish,PLP2,notochord,7.0,-0.007003501750875385,-0.043021510755377745,generated-expression rank-score gain,,,3
zebrafish,PLP2,notochord,9.0,0.02451225612806407,-0.002001000500250094,generated-expression rank-score gain,,,3
zebrafish,PLP2,somites,7.0,-0.027513756878439266,-0.0700350175087543,generated-expression rank-score gain,,,3
zebrafish,PLP2,somites,9.0,0.0,-0.010505252626313188,generated-expression rank-score gain,,,3
zebrafish,PLTP,pharyngeal_endoderm,9.0,0.006003001500750393,-0.0010005002501251026,generated-expression rank-score gain,,,3
zebrafish,PMP22B,notochord,7.0,-0.014007003501750881,-0.12506253126563283,generated-expression rank-score gain,,,3
zebrafish,PMP22B,notochord,9.0,0.9874937468734367,-0.0005002501250624958,generated-expression rank-score gain,,,3
zebrafish,PPP1R14C,notochord,7.0,0.0,-0.016008004002000975,generated-expression rank-score gain,,,3
zebrafish,PPP1R14C,notochord,9.0,0.030515257628814352,-0.0005002501250624958,generated-expression rank-score gain,,,3
zebrafish,PRDM1A,adaxial_cells,9.0,0.7603801900950474,-0.014507253626813377,generated-expression rank-score gain,,,3
zebrafish,PRDX5,pharyngeal_endoderm,9.0,0.2801400700350175,0.0,generated-expression rank-score gain,,,3
zebrafish,PTGDSB,pancreatic_intestinal_endoderm,9.0,-0.002001000500250205,0.0005002501250624958,generated-expression rank-score gain,,,3
zebrafish,PTGES3L,adaxial_cells,9.0,0.08604302151075538,-0.005002501250625291,generated-expression rank-score gain,,,3
zebrafish,RBM24A,adaxial_cells,9.0,-0.026513256628314164,-0.013006503251625778,generated-expression rank-score gain,,,3
zebrafish,RBM38,adaxial_cells,9.0,-0.0010005002501249916,0.0010005002501249916,generated-expression rank-score gain,,,3
zebrafish,RCN3,notochord,7.0,-0.016508254127063582,-0.12756378189094542,generated-expression rank-score gain,,,3
zebrafish,RCN3,notochord,9.0,0.02301150575287647,-0.0035017508754376925,generated-expression rank-score gain,,,3
zebrafish,RIPPLY1,somites,7.0,0.02201100550275137,-0.008504252126062983,generated-expression rank-score gain,,,3
zebrafish,RIPPLY1,somites,9.0,0.03751875937968985,-0.007503751875937992,generated-expression rank-score gain,,,3
zebrafish,RIPPLY2,somites,7.0,0.059529764882441216,-0.03201600800400206,generated-expression rank-score gain,,,3
zebrafish,RIPPLY2,somites,9.0,0.8589294647323662,0.005502751375687787,generated-expression rank-score gain,,,3
zebrafish,RRBP1B,notochord,7.0,-0.006503251625812889,-0.013506753376688385,generated-expression rank-score gain,,,3
zebrafish,RRBP1B,notochord,9.0,0.2206103051525763,-0.0010005002501251026,generated-expression rank-score gain,,,3
zebrafish,RRBP1B,prechordal_plate,7.0,-0.0035017508754376925,-0.004002001000500299,generated-expression rank-score gain,,,3
zebrafish,RRBP1B,prechordal_plate,9.0,0.01650825412706347,-0.0015007503751875984,generated-expression rank-score gain,,,3
zebrafish,SALL4,pancreatic_intestinal_endoderm,9.0,0.016008004002000975,-0.002001000500250205,generated-expression rank-score gain,,,3
zebrafish,SERPINH1B,adaxial_cells,9.0,0.014507253626813488,-0.0030015007503751967,generated-expression rank-score gain,,,3
zebrafish,SERPINH1B,notochord,7.0,0.0015007503751875984,-0.002001000500250094,generated-expression rank-score gain,,,3
zebrafish,SERPINH1B,notochord,9.0,0.00900450225112559,-0.002001000500250094,generated-expression rank-score gain,,,3
zebrafish,SERPINH1B,pancreatic_intestinal_endoderm,9.0,0.019509754877438668,-0.0030015007503751967,generated-expression rank-score gain,,,3
zebrafish,SERPINH1B,somites,7.0,0.0030015007503751967,-0.014507253626813377,generated-expression rank-score gain,,,3
zebrafish,SERPINH1B,somites,9.0,0.01800900450225107,-0.008504252126063094,generated-expression rank-score gain,,,3
zebrafish,SI:CH211-101L18.8,adaxial_cells,9.0,-0.02301150575287647,0.0,generated-expression rank-score gain,,,3
zebrafish,SI:CH211-152C2.3,pharyngeal_endoderm,9.0,-0.007003501750875385,0.0,generated-expression rank-score gain,,,3
zebrafish,SI:CH211-156J16.1,pharyngeal_endoderm,9.0,0.007503751875937992,-0.006003001500750393,generated-expression rank-score gain,,,3
zebrafish,SI:CH73-234B20.5,pharyngeal_endoderm,9.0,0.1465732866433216,0.005002501250625291,generated-expression rank-score gain,,,3
zebrafish,SI:DKEY-11C5.14,adaxial_cells,9.0,-0.004502251125562795,-0.017008504252126078,generated-expression rank-score gain,,,3
zebrafish,SI:DKEY-11C5.14,pancreatic_intestinal_endoderm,9.0,-0.0015007503751875984,-0.019009504752376172,generated-expression rank-score gain,,,3
zebrafish,SI:DKEY-11C5.14,somites,7.0,-0.052026013006503224,-0.05352676338169082,generated-expression rank-score gain,,,3
zebrafish,SI:DKEY-11C5.14,somites,9.0,-0.006003001500750393,-0.016008004002000975,generated-expression rank-score gain,,,3
zebrafish,SI:DKEY-239J18.2,prechordal_plate,7.0,-0.817408704352176,-0.04202101050525264,generated-expression rank-score gain,,,3
zebrafish,SI:DKEY-239J18.2,prechordal_plate,9.0,0.7888944472236118,-0.0005002501250624958,generated-expression rank-score gain,,,3
zebrafish,SI:DKEY-239J18.3,prechordal_plate,7.0,-0.12006003001500742,-0.02701350675337677,generated-expression rank-score gain,,,3
zebrafish,SI:DKEY-239J18.3,prechordal_plate,9.0,0.10355177588794395,-0.0010005002501251026,generated-expression rank-score gain,,,3
zebrafish,SI:DKEY-261H17.1,notochord,7.0,-0.006503251625812889,-0.04752376188094054,generated-expression rank-score gain,,,3
zebrafish,SI:DKEY-261H17.1,notochord,9.0,0.04652326163081544,-0.002501250625312701,generated-expression rank-score gain,,,3
zebrafish,SI:DKEY-261H17.1,pharyngeal_endoderm,9.0,-0.036518259129564856,-0.02051025512756377,generated-expression rank-score gain,,,3
zebrafish,SI:DKEY-269I1.3,prechordal_plate,7.0,-0.6823411705852926,-0.02201100550275137,generated-expression rank-score gain,,,3
zebrafish,SI:DKEY-269I1.3,prechordal_plate,9.0,0.8309154577288644,0.0,generated-expression rank-score gain,,,3
zebrafish,SI:DKEY-26G8.5,prechordal_plate,7.0,-0.8184092046023012,-0.030015007503751967,generated-expression rank-score gain,,,3
zebrafish,SI:DKEY-26G8.5,prechordal_plate,9.0,0.33666833416708364,0.0015007503751875984,generated-expression rank-score gain,,,3
zebrafish,SNAI1A,adaxial_cells,9.0,0.025012506253126565,0.0,generated-expression rank-score gain,,,3
zebrafish,SOX19A,pancreatic_intestinal_endoderm,9.0,-0.007003501750875385,-0.0015007503751875984,generated-expression rank-score gain,,,3
zebrafish,SOX2,pancreatic_intestinal_endoderm,9.0,-0.029014507253626753,-0.002001000500250094,generated-expression rank-score gain,,,3
zebrafish,SP5L,pancreatic_intestinal_endoderm,9.0,0.013506753376688274,0.0015007503751875984,generated-expression rank-score gain,,,3
zebrafish,STMN1A,pancreatic_intestinal_endoderm,9.0,-0.9394697348674337,-0.0005002501250624958,generated-expression rank-score gain,,,3
zebrafish,TA,notochord,7.0,0.03851925962981495,-0.002001000500250094,generated-expression rank-score gain,,,3
zebrafish,TA,notochord,9.0,0.9904952476238119,0.0005002501250624958,generated-expression rank-score gain,,,3
zebrafish,TAGLN2,pharyngeal_endoderm,9.0,0.1475737868934467,-0.0015007503751875984,generated-expression rank-score gain,,,3
zebrafish,TBX16,adaxial_cells,9.0,0.9599799899949976,0.0,generated-expression rank-score gain,,,3
zebrafish,TBX6,somites,7.0,-0.04652326163081533,-0.03851925962981484,generated-expression rank-score gain,,,3
zebrafish,TBX6,somites,9.0,0.9399699849924962,-0.007503751875937881,generated-expression rank-score gain,,,3
zebrafish,TBX6L,adaxial_cells,9.0,-0.006003001500750393,0.0030015007503751967,generated-expression rank-score gain,,,3
zebrafish,TCF15,somites,7.0,-0.038019009504752344,-0.1330665332666333,generated-expression rank-score gain,,,3
zebrafish,TCF15,somites,9.0,0.0015007503751875984,-0.011005502751375684,generated-expression rank-score gain,,,3
zebrafish,TGFBI,somites,7.0,-0.03451725862931465,-0.06553276638319161,generated-expression rank-score gain,,,3
zebrafish,TGFBI,somites,9.0,-0.052026013006503224,-0.025512756378189172,generated-expression rank-score gain,,,3
zebrafish,TNNI2B.1,adaxial_cells,9.0,0.005502751375687898,-0.016008004002000975,generated-expression rank-score gain,,,3
zebrafish,TOB1A,adaxial_cells,9.0,0.012006003001500787,-0.0005002501250624958,generated-expression rank-score gain,,,3
zebrafish,TPMA,adaxial_cells,9.0,0.6023011505752877,-0.03701850925462735,generated-expression rank-score gain,,,3
zebrafish,TRAM1,prechordal_plate,7.0,-0.017008504252126078,-0.004002001000500188,generated-expression rank-score gain,,,3
zebrafish,TRAM1,prechordal_plate,9.0,0.0705352676338169,0.0,generated-expression rank-score gain,,,3
zebrafish,TRIM109,adaxial_cells,9.0,-0.008004002001000488,-0.018509254627313676,generated-expression rank-score gain,,,3
zebrafish,TTNA,adaxial_cells,9.0,0.012006003001500676,-0.017008504252126078,generated-expression rank-score gain,,,3
zebrafish,TTNB,adaxial_cells,9.0,0.014507253626813377,-0.012006003001500787,generated-expression rank-score gain,,,3
zebrafish,TUBA1A,pancreatic_intestinal_endoderm,9.0,-0.006003001500750393,-0.005002501250625291,generated-expression rank-score gain,,,3
zebrafish,TUBA8L2,somites,7.0,-0.005002501250625291,-0.01150575287643818,generated-expression rank-score gain,,,3
zebrafish,TUBA8L2,somites,9.0,0.0665332666333166,0.0005002501250624958,generated-expression rank-score gain,,,3
zebrafish,TWIST2,notochord,7.0,0.005002501250625291,-0.004502251125562795,generated-expression rank-score gain,,,3
zebrafish,TWIST2,notochord,9.0,0.9889944972486243,-0.0005002501250624958,generated-expression rank-score gain,,,3
zebrafish,TXLNBA,adaxial_cells,9.0,-0.02051025512756377,-0.03601800900450225,generated-expression rank-score gain,,,3
zebrafish,UNC45B,adaxial_cells,9.0,0.014507253626813488,-0.005502751375687898,generated-expression rank-score gain,,,3
zebrafish,VED,pancreatic_intestinal_endoderm,9.0,0.8394197098549274,0.002501250625312701,generated-expression rank-score gain,,,3
zebrafish,VOX,adaxial_cells,9.0,-0.0015007503751875984,0.005502751375687787,generated-expression rank-score gain,,,3
zebrafish,VOX,pancreatic_intestinal_endoderm,9.0,0.12706353176588292,0.0,generated-expression rank-score gain,,,3
zebrafish,XBP1,notochord,7.0,0.06253126563281641,0.0,generated-expression rank-score gain,,,3
zebrafish,XBP1,notochord,9.0,0.9819909954977488,-0.0005002501250624958,generated-expression rank-score gain,,,3
zebrafish,XBP1,prechordal_plate,7.0,0.0015007503751875984,-0.0005002501250624958,generated-expression rank-score gain,,,3
zebrafish,XBP1,prechordal_plate,9.0,0.04452226113056523,0.0,generated-expression rank-score gain,,,3
zebrafish,ZFAND5A,adaxial_cells,9.0,0.06303151575787891,-0.0005002501250626068,generated-expression rank-score gain,,,3
zebrafish,ZFAND5A,somites,7.0,0.0030015007503751967,-0.00900450225112559,generated-expression rank-score gain,,,3
zebrafish,ZFAND5A,somites,9.0,0.9459729864932466,-0.00250125062531259,generated-expression rank-score gain,,,3
zebrafish,ZGC:110425,pancreatic_intestinal_endoderm,9.0,0.014507253626813488,0.0,generated-expression rank-score gain,,,3
zebrafish,ZGC:153675,notochord,7.0,-0.008504252126062983,-0.03751875937968985,generated-expression rank-score gain,,,3
zebrafish,ZGC:153675,notochord,9.0,0.03601800900450225,-0.004502251125562795,generated-expression rank-score gain,,,3
zebrafish,ZGC:174153,prechordal_plate,7.0,-0.021010505252626266,-0.0010005002501249916,generated-expression rank-score gain,,,3
zebrafish,ZGC:174153,prechordal_plate,9.0,0.9344672336168084,0.0,generated-expression rank-score gain,,,3
zebrafish,ZGC:174855,prechordal_plate,7.0,-0.06453226613306651,-0.004502251125562795,generated-expression rank-score gain,,,3
zebrafish,ZGC:174855,prechordal_plate,9.0,0.9449724862431216,0.0,generated-expression rank-score gain,,,3
zebrafish,ZGC:92242,pancreatic_intestinal_endoderm,9.0,0.054527263631815925,0.0010005002501249916,generated-expression rank-score gain,,,3
zebrafish,ZIC3,somites,7.0,0.026513256628314052,0.025012506253126565,generated-expression rank-score gain,,,3
zebrafish,ZIC3,somites,9.0,0.8499249624812406,-0.0035017508754376925,generated-expression rank-score gain,,,3
zebrafish,ZNFL2A,pancreatic_intestinal_endoderm,9.0,-0.030015007503751856,0.00250125062531259,generated-expression rank-score gain,,,3
