dataset,gene,lineage,time,heldout,n_cells,observed_mean,observed_median,observed_q25,observed_q75,detection_fraction
pancreas,NEUROG3,neurog3_late,0.0,False,1,0.0,0.0,0.0,0.0,0.0
pancreas,NEUROG3,neurog3_late,1.0,False,28,0.7929430710714287,0.7367673299999999,0.0,1.53737535,0.6071428571428571
pancreas,NEUROG3,neurog3_late,2.0,False,120,0.8265096430833334,0.82401637,0.0,1.37723865,0.6583333333333333
pancreas,NEUROG3,neurog3_late,3.0,True,1908,0.8348310083018868,0.879092585,0.0,1.3606734249999999,0.6761006289308176
pancreas,NEUROG3,neurog3_late,4.0,False,639,0.798079137370892,0.80748016,0.0,1.3734426499999999,0.6353677621283255
pancreas,NEUROG3,neurog3_late,5.0,False,557,0.715385332962298,0.64521784,0.0,1.2730052,0.6014362657091562
pancreas,NEUROG3,neurog3_late,6.0,True,443,0.36266791097065465,0.0,0.0,0.72504825,0.3747178329571106
pancreas,NEUROG3,neurog3_late,7.0,False,240,0.47852897495833335,0.0,0.0,0.9133650125,0.44583333333333336
zebrafish,MYOD1,adaxial_cells,3.3,False,0,,,,,
zebrafish,MYOD1,adaxial_cells,3.8,False,0,,,,,
zebrafish,MYOD1,adaxial_cells,4.3,False,0,,,,,
zebrafish,MYOD1,adaxial_cells,4.7,False,0,,,,,
zebrafish,MYOD1,adaxial_cells,5.3,True,0,,,,,
zebrafish,MYOD1,adaxial_cells,6.0,False,0,,,,,
zebrafish,MYOD1,adaxial_cells,7.0,True,0,,,,,
zebrafish,MYOD1,adaxial_cells,8.0,False,5,0.6173492599999999,0.7619868,0.0,1.0488889,0.6
zebrafish,MYOD1,adaxial_cells,9.0,True,54,1.29885288537037,1.3415906,0.0,2.202954225,0.6666666666666666
zebrafish,MYOD1,adaxial_cells,10.0,False,289,0.8936558325951558,0.0,0.0,1.797934,0.4982698961937716
zebrafish,MYOD1,adaxial_cells,11.0,False,67,0.6454519234328359,0.0,0.0,1.3031149,0.3880597014925373
zebrafish,MYOD1,adaxial_cells,12.0,False,230,0.7775798209130436,0.0,0.0,1.5762758,0.45217391304347826
