dataset,lineage,stage,condition,seed,readout,gene,value,rank,rank_score,n_ranked
zebrafish,adaxial_cells,9.0,genuine GRN,0,drift,MYOD1,0.7326311945915223,15,0.9929964982491246,2000
zebrafish,somites,9.0,genuine GRN,0,drift,PCDH8,0.5342984437942505,38,0.9814907453726863,2000
zebrafish,adaxial_cells,9.0,genuine GRN,0,expression,MYOD1,0.7885608553886414,40,0.9804902451225613,2000
zebrafish,somites,9.0,genuine GRN,0,expression,PCDH8,0.5125956654548645,87,0.9569784892446223,2000
zebrafish,adaxial_cells,9.0,no GRN,0,drift,MYOD1,-0.5448969960212707,1995,0.002501250625312701,2000
zebrafish,somites,9.0,no GRN,0,drift,PCDH8,-0.04977287016808982,1903,0.04852426213106553,2000
zebrafish,adaxial_cells,9.0,no GRN,0,expression,MYOD1,0.9269900679588318,36,0.9824912456228114,2000
zebrafish,somites,9.0,no GRN,0,expression,PCDH8,0.5796419501304626,81,0.9599799899949975,2000
zebrafish,adaxial_cells,9.0,genuine GRN,1,drift,MYOD1,0.6825046420097352,20,0.9904952476238119,2000
zebrafish,somites,9.0,genuine GRN,1,drift,PCDH8,0.5192542970180511,40,0.9804902451225613,2000
zebrafish,adaxial_cells,9.0,genuine GRN,1,expression,MYOD1,0.7266340851783752,45,0.9779889944972486,2000
zebrafish,somites,9.0,genuine GRN,1,expression,PCDH8,0.4919049978256226,91,0.9549774887443722,2000
zebrafish,adaxial_cells,9.0,no GRN,1,drift,MYOD1,-0.01075088735669848,1595,0.2026013006503251,2000
zebrafish,somites,9.0,no GRN,1,drift,PCDH8,-0.007406877446919644,1581,0.2096048024012006,2000
zebrafish,adaxial_cells,9.0,no GRN,1,expression,MYOD1,0.8951335787773133,37,0.9819909954977488,2000
zebrafish,somites,9.0,no GRN,1,expression,PCDH8,0.5709108591079712,82,0.959479739869935,2000
zebrafish,adaxial_cells,9.0,genuine GRN,2,drift,MYOD1,0.5396923661231995,30,0.9854927463731866,2000
zebrafish,somites,9.0,genuine GRN,2,drift,PCDH8,0.5036827981472015,37,0.9819909954977488,2000
zebrafish,adaxial_cells,9.0,genuine GRN,2,expression,MYOD1,0.7914137721061707,39,0.9809904952476238,2000
zebrafish,somites,9.0,genuine GRN,2,expression,PCDH8,0.4903180718421936,92,0.9544772386193097,2000
zebrafish,adaxial_cells,9.0,no GRN,2,drift,MYOD1,-0.001471126009710139,1240,0.38019009504752377,2000
zebrafish,somites,9.0,no GRN,2,drift,PCDH8,-0.01402587735210542,1725,0.1375687843921961,2000
zebrafish,adaxial_cells,9.0,no GRN,2,expression,MYOD1,0.8964983701705933,37,0.9819909954977488,2000
zebrafish,somites,9.0,no GRN,2,expression,PCDH8,0.5666938900947571,82,0.959479739869935,2000
